typeCode,freqCode,refPeriodId,refYear,refMonth,period,reporterCode,reporterISO,reporterDesc,flowCode,flowDesc,partnerCode,partnerISO,partnerDesc,partner2Code,partner2ISO,partner2Desc,classificationCode,classificationSearchCode,isOriginalClassification,cmdCode,cmdDesc,aggrLevel,isLeaf,customsCode,customsDesc,mosCode,motCode,motDesc,qtyUnitCode,qtyUnitAbbr,qty,isQtyEstimated,altQtyUnitCode,altQtyUnitAbbr,altQty,isAltQtyEstimated,netWgt,isNetWgtEstimated,grossWgt,isGrossWgtEstimated,cifvalue,fobvalue,primaryValue,legacyEstimationFlag,isReported,isAggregate
"C","A","20140101","2014","52","2014","156","CHN","China","M","Import","0","W00","World","0","W00","World","H4","HS","true","26","Ores, slag and ash","2","false","C00","TOTAL CPC","0","0","TOTAL MOT","-1","N/A",,"false","-1","N/A",,"false",,"false",,"false","134660946685",,"134660946685","0","true","false",
"C","A","20140101","2014","52","2014","156","CHN","China","M","Import","398","KAZ","Kazakhstan","0","W00","World","H4","HS","true","26","Ores, slag and ash","2","false","C00","TOTAL CPC","0","0","TOTAL MOT","-1","N/A",,"false","-1","N/A",,"false",,"false",,"false","1155299111",,"1155299111","0","true","false",
"C","A","20140101","2014","52","2014","156","CHN","China","M","Import","0","W00","World","0","W00","World","H4","HS","true","28","Inorganic chemicals; organic and inorganic compounds of precious metals; of rare earth metals, of radio-active elements and of isotopes","2","false","C00","TOTAL CPC","0","0","TOTAL MOT","-1","N/A",,"false","-1","N/A",,"false",,"false",,"false","10384983139",,"10384983139","0","true","false",
"C","A","20140101","2014","52","2014","156","CHN","China","M","Import","398","KAZ","Kazakhstan","0","W00","World","H4","HS","true","28","Inorganic chemicals; organic and inorganic compounds of precious metals; of rare earth metals, of radio-active elements and of isotopes","2","false","C00","TOTAL CPC","0","0","TOTAL MOT","-1","N/A",,"false","-1","N/A",,"false",,"false",,"false","1657495754",,"1657495754","0","true","false",
"C","A","20140101","2014","52","2014","156","CHN","China","M","Import","0","W00","World","0","W00","World","H4","HS","true","72","Iron and steel","2","false","C00","TOTAL CPC","0","0","TOTAL MOT","-1","N/A",,"false","-1","N/A",,"false",,"false",,"false","21167202864",,"21167202864","0","true","false",
"C","A","20140101","2014","52","2014","156","CHN","China","M","Import","398","KAZ","Kazakhstan","0","W00","World","H4","HS","true","72","Iron and steel","2","false","C00","TOTAL CPC","0","0","TOTAL MOT","-1","N/A",,"false","-1","N/A",,"false",,"false",,"false","411595738",,"411595738","0","true","false",
"C","A","20140101","2014","52","2014","156","CHN","China","M","Import","0","W00","World","0","W00","World","H4","HS","true","74","Copper and articles thereof","2","false","C00","TOTAL CPC","0","0","TOTAL MOT","-1","N/A",,"false","-1","N/A",,"false",,"false",,"false","47278407266",,"47278407266","0","true","false",
"C","A","20140101","2014","52","2014","156","CHN","China","M","Import","398","KAZ","Kazakhstan","0","W00","World","H4","HS","true","74","Copper and articles thereof","2","false","C00","TOTAL CPC","0","0","TOTAL MOT","-1","N/A",,"false","-1","N/A",,"false",,"false",,"false","1198207458",,"1198207458","0","true","false",
"C","A","20140101","2014","52","2014","156","CHN","China","M","Import","0","W00","World","0","W00","World","H4","HS","true","78","Lead and articles thereof","2","false","C00","TOTAL CPC","0","0","TOTAL MOT","-1","N/A",,"false","-1","N/A",,"false",,"false",,"false","70556832",,"70556832","0","true","false",
"C","A","20140101","2014","52","2014","156","CHN","China","M","Import","398","KAZ","Kazakhstan","0","W00","World","H4","HS","true","78","Lead and articles thereof","2","false","C00","TOTAL CPC","0","0","TOTAL MOT","-1","N/A",,"false","-1","N/A",,"false",,"false",,"false","4466070",,"4466070","0","true","false",
"C","A","20140101","2014","52","2014","156","CHN","China","M","Import","0","W00","World","0","W00","World","H4","HS","true","79","Zinc and articles thereof","2","false","C00","TOTAL CPC","0","0","TOTAL MOT","-1","N/A",,"false","-1","N/A",,"false",,"false",,"false","1639343540",,"1639343540","0","true","false",
"C","A","20140101","2014","52","2014","156","CHN","China","M","Import","398","KAZ","Kazakhstan","0","W00","World","H4","HS","true","79","Zinc and articles thereof","2","false","C00","TOTAL CPC","0","0","TOTAL MOT","-1","N/A",,"false","-1","N/A",,"false",,"false",,"false","319604304",,"319604304","0","true","false",
"C","A","20140101","2014","52","2014","156","CHN","China","M","Import","0","W00","World","0","W00","World","H4","HS","true","81","Metals; n.e.c., cermets and articles thereof","2","false","C00","TOTAL CPC","0","0","TOTAL MOT","-1","N/A",,"false","-1","N/A",,"false",,"false",,"false","1565855174",,"1565855174","0","true","false",
"C","A","20140101","2014","52","2014","156","CHN","China","M","Import","398","KAZ","Kazakhstan","0","W00","World","H4","HS","true","81","Metals; n.e.c., cermets and articles thereof","2","false","C00","TOTAL CPC","0","0","TOTAL MOT","-1","N/A",,"false","-1","N/A",,"false",,"false",,"false","5522932",,"5522932","0","true","false",
"C","A","20140101","2014","52","2014","156","CHN","China","M","Import","0","W00","World","0","W00","World","H4","HS","true","TOTAL","All Commodities","0","false","C00","TOTAL CPC","0","0","TOTAL MOT","-1","N/A",,"false","-1","N/A",,"false",,"false",,"false","1959234625162",,"1959234625162","0","true","false",
"C","A","20140101","2014","52","2014","156","CHN","China","M","Import","398","KAZ","Kazakhstan","0","W00","World","H4","HS","true","TOTAL","All Commodities","0","false","C00","TOTAL CPC","0","0","TOTAL MOT","-1","N/A",,"false","-1","N/A",,"false",,"false",,"false","9741822440",,"9741822440","0","true","false",
"C","A","20140101","2014","52","2014","156","CHN","China","X","Export","0","W00","World","0","W00","World","H4","HS","true","26","Ores, slag and ash","2","false","C00","TOTAL CPC","0","0","TOTAL MOT","-1","N/A",,"false","-1","N/A",,"false",,"false",,"false",,"350079192","350079192","0","true","false",
"C","A","20140101","2014","52","2014","156","CHN","China","X","Export","398","KAZ","Kazakhstan","0","W00","World","H4","HS","true","26","Ores, slag and ash","2","false","C00","TOTAL CPC","0","0","TOTAL MOT","-1","N/A",,"false","-1","N/A",,"false",,"false",,"false",,"291994","291994","0","true","false",
"C","A","20140101","2014","52","2014","156","CHN","China","X","Export","0","W00","World","0","W00","World","H4","HS","true","28","Inorganic chemicals; organic and inorganic compounds of precious metals; of rare earth metals, of radio-active elements and of isotopes","2","false","C00","TOTAL CPC","0","0","TOTAL MOT","-1","N/A",,"false","-1","N/A",,"false",,"false",,"false",,"15026000882","15026000882","0","true","false",
"C","A","20140101","2014","52","2014","156","CHN","China","X","Export","398","KAZ","Kazakhstan","0","W00","World","H4","HS","true","28","Inorganic chemicals; organic and inorganic compounds of precious metals; of rare earth metals, of radio-active elements and of isotopes","2","false","C00","TOTAL CPC","0","0","TOTAL MOT","-1","N/A",,"false","-1","N/A",,"false",,"false",,"false",,"43104508","43104508","0","true","false",
"C","A","20140101","2014","52","2014","156","CHN","China","X","Export","0","W00","World","0","W00","World","H4","HS","true","72","Iron and steel","2","false","C00","TOTAL CPC","0","0","TOTAL MOT","-1","N/A",,"false","-1","N/A",,"false",,"false",,"false",,"55478832195","55478832195","0","true","false",
"C","A","20140101","2014","52","2014","156","CHN","China","X","Export","398","KAZ","Kazakhstan","0","W00","World","H4","HS","true","72","Iron and steel","2","false","C00","TOTAL CPC","0","0","TOTAL MOT","-1","N/A",,"false","-1","N/A",,"false",,"false",,"false",,"152009795","152009795","0","true","false",
"C","A","20140101","2014","52","2014","156","CHN","China","X","Export","0","W00","World","0","W00","World","H4","HS","true","74","Copper and articles thereof","2","false","C00","TOTAL CPC","0","0","TOTAL MOT","-1","N/A",,"false","-1","N/A",,"false",,"false",,"false",,"6982630142","6982630142","0","true","false",
"C","A","20140101","2014","52","2014","156","CHN","China","X","Export","398","KAZ","Kazakhstan","0","W00","World","H4","HS","true","74","Copper and articles thereof","2","false","C00","TOTAL CPC","0","0","TOTAL MOT","-1","N/A",,"false","-1","N/A",,"false",,"false",,"false",,"4442921","4442921","0","true","false",
"C","A","20140101","2014","52","2014","156","CHN","China","X","Export","0","W00","World","0","W00","World","H4","HS","true","78","Lead and articles thereof","2","false","C00","TOTAL CPC","0","0","TOTAL MOT","-1","N/A",,"false","-1","N/A",,"false",,"false",,"false",,"160513980","160513980","0","true","false",
"C","A","20140101","2014","52","2014","156","CHN","China","X","Export","398","KAZ","Kazakhstan","0","W00","World","H4","HS","true","78","Lead and articles thereof","2","false","C00","TOTAL CPC","0","0","TOTAL MOT","-1","N/A",,"false","-1","N/A",,"false",,"false",,"false",,"123921","123921","0","true","false",
"C","A","20140101","2014","52","2014","156","CHN","China","X","Export","0","W00","World","0","W00","World","H4","HS","true","79","Zinc and articles thereof","2","false","C00","TOTAL CPC","0","0","TOTAL MOT","-1","N/A",,"false","-1","N/A",,"false",,"false",,"false",,"572652317","572652317","0","true","false",
"C","A","20140101","2014","52","2014","156","CHN","China","X","Export","398","KAZ","Kazakhstan","0","W00","World","H4","HS","true","79","Zinc and articles thereof","2","false","C00","TOTAL CPC","0","0","TOTAL MOT","-1","N/A",,"false","-1","N/A",,"false",,"false",,"false",,"138108","138108","0","true","false",
"C","A","20140101","2014","52","2014","156","CHN","China","X","Export","0","W00","World","0","W00","World","H4","HS","true","81","Metals; n.e.c., cermets and articles thereof","2","false","C00","TOTAL CPC","0","0","TOTAL MOT","-1","N/A",,"false","-1","N/A",,"false",,"false",,"false",,"3488112068","3488112068","0","true","false",
"C","A","20140101","2014","52","2014","156","CHN","China","X","Export","398","KAZ","Kazakhstan","0","W00","World","H4","HS","true","81","Metals; n.e.c., cermets and articles thereof","2","false","C00","TOTAL CPC","0","0","TOTAL MOT","-1","N/A",,"false","-1","N/A",,"false",,"false",,"false",,"10592089","10592089","0","true","false",
"C","A","20140101","2014","52","2014","156","CHN","China","X","Export","0","W00","World","0","W00","World","H4","HS","true","TOTAL","All Commodities","0","false","C00","TOTAL CPC","0","0","TOTAL MOT","-1","N/A",,"false","-1","N/A",,"false",,"false",,"false",,"2342292696320","2342292696320","0","true","false",
"C","A","20140101","2014","52","2014","156","CHN","China","X","Export","398","KAZ","Kazakhstan","0","W00","World","H4","HS","true","TOTAL","All Commodities","0","false","C00","TOTAL CPC","0","0","TOTAL MOT","-1","N/A",,"false","-1","N/A",,"false",,"false",,"false",,"12709849378","12709849378","0","true","false",
"C","A","20150101","2015","52","2015","156","CHN","China","M","Import","0","W00","World","0","W00","World","H4","HS","true","26","Ores, slag and ash","2","false","C00","TOTAL CPC","0 ","0","TOTAL MOT","-1","N/A","0","false","-1","N/A","0","false",,"true",,"false","93720072251",,"93720072251","0","false","true",
"C","A","20150101","2015","52","2015","156","CHN","China","M","Import","398","KAZ","Kazakhstan","0","W00","World","H4","HS","true","26","Ores, slag and ash","2","false","C00","TOTAL CPC","0 ","0","TOTAL MOT","-1","N/A","0","false","-1","N/A","0","false",,"false",,"false","289700208",,"289700208","0","false","true",
"C","A","20150101","2015","52","2015","156","CHN","China","M","Import","0","W00","World","0","W00","World","H4","HS","true","28","Inorganic chemicals; organic and inorganic compounds of precious metals; of rare earth metals, of radio-active elements and of isotopes","2","false","C00","TOTAL CPC","0 ","0","TOTAL MOT","-1","N/A","0","false","-1","N/A","0","false",,"true",,"false","9918662752",,"9918662752","0","false","true",
"C","A","20150101","2015","52","2015","156","CHN","China","M","Import","398","KAZ","Kazakhstan","0","W00","World","H4","HS","true","28","Inorganic chemicals; organic and inorganic compounds of precious metals; of rare earth metals, of radio-active elements and of isotopes","2","false","C00","TOTAL CPC","0 ","0","TOTAL MOT","-1","N/A","0","false","-1","N/A","0","false",,"false",,"false","1491804825",,"1491804825","0","false","true",
"C","A","20150101","2015","52","2015","156","CHN","China","M","Import","0","W00","World","0","W00","World","H4","HS","true","72","Iron and steel","2","false","C00","TOTAL CPC","0 ","0","TOTAL MOT","-1","N/A","0","false","-1","N/A","0","false",,"true",,"false","18152467869",,"18152467869","0","false","true",
"C","A","20150101","2015","52","2015","156","CHN","China","M","Import","398","KAZ","Kazakhstan","0","W00","World","H4","HS","true","72","Iron and steel","2","false","C00","TOTAL CPC","0 ","0","TOTAL MOT","-1","N/A","0","false","-1","N/A","0","false",,"false",,"false","467756689",,"467756689","0","false","true",
"C","A","20150101","2015","52","2015","156","CHN","China","M","Import","0","W00","World","0","W00","World","H4","HS","true","74","Copper and articles thereof","2","false","C00","TOTAL CPC","0 ","0","TOTAL MOT","-1","N/A","0","false","-1","N/A","0","false",,"true",,"false","38146912505",,"38146912505","0","false","true",
"C","A","20150101","2015","52","2015","156","CHN","China","M","Import","398","KAZ","Kazakhstan","0","W00","World","H4","HS","true","74","Copper and articles thereof","2","false","C00","TOTAL CPC","0 ","0","TOTAL MOT","-1","N/A","0","false","-1","N/A","0","false",,"false",,"false","951591244",,"951591244","0","false","true",
"C","A","20150101","2015","52","2015","156","CHN","China","M","Import","0","W00","World","0","W00","World","H4","HS","true","78","Lead and articles thereof","2","false","C00","TOTAL CPC","0 ","0","TOTAL MOT","-1","N/A","0","false","-1","N/A","0","false",,"true",,"false","46865303",,"46865303","0","false","true",
"C","A","20150101","2015","52","2015","156","CHN","China","M","Import","398","KAZ","Kazakhstan","0","W00","World","H4","HS","true","78","Lead and articles thereof","2","false","C00","TOTAL CPC","0 ","0","TOTAL MOT","-1","N/A","0","false","-1","N/A","0","false",,"false",,"false","149090",,"149090","0","false","true",
"C","A","20150101","2015","52","2015","156","CHN","China","M","Import","0","W00","World","0","W00","World","H4","HS","true","79","Zinc and articles thereof","2","false","C00","TOTAL CPC","0 ","0","TOTAL MOT","-1","N/A","0","false","-1","N/A","0","false",,"true",,"false","1444655813",,"1444655813","0","false","true",
"C","A","20150101","2015","52","2015","156","CHN","China","M","Import","398","KAZ","Kazakhstan","0","W00","World","H4","HS","true","79","Zinc and articles thereof","2","false","C00","TOTAL CPC","0 ","0","TOTAL MOT","-1","N/A","0","false","-1","N/A","0","false",,"false",,"false","283279912",,"283279912","0","false","true",
"C","A","20150101","2015","52","2015","156","CHN","China","M","Import","0","W00","World","0","W00","World","H4","HS","true","81","Metals; n.e.c., cermets and articles thereof","2","false","C00","TOTAL CPC","0 ","0","TOTAL MOT","-1","N/A","0","false","-1","N/A","0","false",,"true",,"false","1785132690",,"1785132690","0","false","true",
"C","A","20150101","2015","52","2015","156","CHN","China","M","Import","398","KAZ","Kazakhstan","0","W00","World","H4","HS","true","81","Metals; n.e.c., cermets and articles thereof","2","false","C00","TOTAL CPC","0 ","0","TOTAL MOT","-1","N/A","0","false","-1","N/A","0","false",,"true",,"false","1879130",,"1879130","0","false","true",
"C","A","20150101","2015","52","2015","156","CHN","China","M","Import","0","W00","World","0","W00","World","H4","HS","true","TOTAL","All Commodities","0","false","C00","TOTAL CPC","0 ","0","TOTAL MOT","-1","N/A","0","false","-1","N/A","0","false",,"true",,"false","1679564324560",,"1679564324560","0","false","true",
"C","A","20150101","2015","52","2015","156","CHN","China","M","Import","398","KAZ","Kazakhstan","0","W00","World","H4","HS","true","TOTAL","All Commodities","0","false","C00","TOTAL CPC","0 ","0","TOTAL MOT","-1","N/A","0","false","-1","N/A","0","false",,"true",,"false","5848946920",,"5848946920","0","false","true",
"C","A","20150101","2015","52","2015","156","CHN","China","X","Export","0","W00","World","0","W00","World","H4","HS","true","26","Ores, slag and ash","2","false","C00","TOTAL CPC","0 ","0","TOTAL MOT","-1","N/A","0","false","-1","N/A","0","false",,"false",,"false",,"243859786","243859786","0","false","true",
"C","A","20150101","2015","52","2015","156","CHN","China","X","Export","398","KAZ","Kazakhstan","0","W00","World","H4","HS","true","26","Ores, slag and ash","2","false","C00","TOTAL CPC","0 ","0","TOTAL MOT","-1","N/A","0","false","-1","N/A","0","false",,"false",,"false",,"54703","54703","0","false","true",
"C","A","20150101","2015","52","2015","156","CHN","China","X","Export","0","W00","World","0","W00","World","H4","HS","true","28","Inorganic chemicals; organic and inorganic compounds of precious metals; of rare earth metals, of radio-active elements and of isotopes","2","false","C00","TOTAL CPC","0 ","0","TOTAL MOT","-1","N/A","0","false","-1","N/A","0","false",,"true",,"false",,"13445973387","13445973387","0","false","true",
"C","A","20150101","2015","52","2015","156","CHN","China","X","Export","398","KAZ","Kazakhstan","0","W00","World","H4","HS","true","28","Inorganic chemicals; organic and inorganic compounds of precious metals; of rare earth metals, of radio-active elements and of isotopes","2","false","C00","TOTAL CPC","0 ","0","TOTAL MOT","-1","N/A","0","false","-1","N/A","0","false",,"false",,"false",,"55424932","55424932","0","false","true",
"C","A","20150101","2015","52","2015","156","CHN","China","X","Export","0","W00","World","0","W00","World","H4","HS","true","72","Iron and steel","2","false","C00","TOTAL CPC","0 ","0","TOTAL MOT","-1","N/A","0","false","-1","N/A","0","false",,"true",,"false",,"49196925849","49196925849","0","false","true",
"C","A","20150101","2015","52","2015","156","CHN","China","X","Export","398","KAZ","Kazakhstan","0","W00","World","H4","HS","true","72","Iron and steel","2","false","C00","TOTAL CPC","0 ","0","TOTAL MOT","-1","N/A","0","false","-1","N/A","0","false",,"true",,"false",,"133796642","133796642","0","false","true",
"C","A","20150101","2015","52","2015","156","CHN","China","X","Export","0","W00","World","0","W00","World","H4","HS","true","74","Copper and articles thereof","2","false","C00","TOTAL CPC","0 ","0","TOTAL MOT","-1","N/A","0","false","-1","N/A","0","false",,"true",,"false",,"5621492269","5621492269","0","false","true",
"C","A","20150101","2015","52","2015","156","CHN","China","X","Export","398","KAZ","Kazakhstan","0","W00","World","H4","HS","true","74","Copper and articles thereof","2","false","C00","TOTAL CPC","0 ","0","TOTAL MOT","-1","N/A","0","false","-1","N/A","0","false",,"true",,"false",,"4140281","4140281","0","false","true",
"C","A","20150101","2015","52","2015","156","CHN","China","X","Export","0","W00","World","0","W00","World","H4","HS","true","78","Lead and articles thereof","2","false","C00","TOTAL CPC","0 ","0","TOTAL MOT","-1","N/A","0","false","-1","N/A","0","false",,"true",,"false",,"160390148","160390148","0","false","true",
"C","A","20150101","2015","52","2015","156","CHN","China","X","Export","398","KAZ","Kazakhstan","0","W00","World","H4","HS","true","78","Lead and articles thereof","2","false","C00","TOTAL CPC","0 ","0","TOTAL MOT","-1","N/A","0","false","-1","N/A","0","false",,"false",,"false",,"199547","199547","0","false","true",
"C","A","20150101","2015","52","2015","156","CHN","China","X","Export","0","W00","World","0","W00","World","H4","HS","true","79","Zinc and articles thereof","2","false","C00","TOTAL CPC","0 ","0","TOTAL MOT","-1","N/A","0","false","-1","N/A","0","false",,"true",,"false",,"524267140","524267140","0","false","true",
"C","A","20150101","2015","52","2015","156","CHN","China","X","Export","398","KAZ","Kazakhstan","0","W00","World","H4","HS","true","79","Zinc and articles thereof","2","false","C00","TOTAL CPC","0 ","0","TOTAL MOT","-1","N/A","0","false","-1","N/A","0","false",,"false",,"false",,"13576","13576","0","false","true",
"C","A","20150101","2015","52","2015","156","CHN","China","X","Export","0","W00","World","0","W00","World","H4","HS","true","81","Metals; n.e.c., cermets and articles thereof","2","false","C00","TOTAL CPC","0 ","0","TOTAL MOT","-1","N/A","0","false","-1","N/A","0","false",,"true",,"false",,"2831494409","2831494409","0","false","true",
"C","A","20150101","2015","52","2015","156","CHN","China","X","Export","398","KAZ","Kazakhstan","0","W00","World","H4","HS","true","81","Metals; n.e.c., cermets and articles thereof","2","false","C00","TOTAL CPC","0 ","0","TOTAL MOT","-1","N/A","0","false","-1","N/A","0","false",,"false",,"false",,"9836855","9836855","0","false","true",
"C","A","20150101","2015","52","2015","156","CHN","China","X","Export","0","W00","World","0","W00","World","H4","HS","true","TOTAL","All Commodities","0","false","C00","TOTAL CPC","0 ","0","TOTAL MOT","-1","N/A","0","false","-1","N/A","0","false",,"true",,"false",,"2273468224113","2273468224113","0","false","true",
"C","A","20150101","2015","52","2015","156","CHN","China","X","Export","398","KAZ","Kazakhstan","0","W00","World","H4","HS","true","TOTAL","All Commodities","0","false","C00","TOTAL CPC","0 ","0","TOTAL MOT","-1","N/A","0","false","-1","N/A","0","false",,"true",,"false",,"8441240875","8441240875","0","false","true",
"C","A","20160101","2016","52","2016","156","CHN","China","M","Import","0","W00","World","0","W00","World","H4","HS","true","26","Ores, slag and ash","2","false","C00","TOTAL CPC","0","0","TOTAL MOT","-1","N/A","0","false","-1","N/A","0","false","0","true","0","false","94479040429","0","94479040429","4","false","true",
"C","A","20160101","2016","52","2016","156","CHN","China","M","Import","398","KAZ","Kazakhstan","0","W00","World","H4","HS","true","26","Ores, slag and ash","2","false","C00","TOTAL CPC","0","0","TOTAL MOT","-1","N/A","0","false","-1","N/A","0","false","0","true","0","false","513118663","0","513118663","4","false","true",
"C","A","20160101","2016","52","2016","156","CHN","China","M","Import","0","W00","World","0","W00","World","H4","HS","true","28","Inorganic chemicals; organic and inorganic compounds of precious metals; of rare earth metals, of radio-active elements and of isotopes","2","false","C00","TOTAL CPC","0","0","TOTAL MOT","-1","N/A","0","false","-1","N/A","0","false","0","true","0","false","9024571475","0","9024571475","4","false","true",
"C","A","20160101","2016","52","2016","156","CHN","China","M","Import","398","KAZ","Kazakhstan","0","W00","World","H4","HS","true","28","Inorganic chemicals; organic and inorganic compounds of precious metals; of rare earth metals, of radio-active elements and of isotopes","2","false","C00","TOTAL CPC","0","0","TOTAL MOT","-1","N/A","0","false","-1","N/A","0","false","0","true","0","false","1133224360","0","1133224360","4","false","true",
"C","A","20160101","2016","52","2016","156","CHN","China","M","Import","0","W00","World","0","W00","World","H4","HS","true","72","Iron and steel","2","false","C00","TOTAL CPC","0","0","TOTAL MOT","-1","N/A","0","false","-1","N/A","0","false","0","true","0","false","16917769452","0","16917769452","4","false","true",
"C","A","20160101","2016","52","2016","156","CHN","China","M","Import","398","KAZ","Kazakhstan","0","W00","World","H4","HS","true","72","Iron and steel","2","false","C00","TOTAL CPC","0","0","TOTAL MOT","-1","N/A","0","false","-1","N/A","0","false","0","true","0","false","724346617","0","724346617","4","false","true",
"C","A","20160101","2016","52","2016","156","CHN","China","M","Import","0","W00","World","0","W00","World","H4","HS","true","74","Copper and articles thereof","2","false","C00","TOTAL CPC","0","0","TOTAL MOT","-1","N/A","0","false","-1","N/A","0","false","0","true","0","false","33258729331","0","33258729331","4","false","true",
"C","A","20160101","2016","52","2016","156","CHN","China","M","Import","398","KAZ","Kazakhstan","0","W00","World","H4","HS","true","74","Copper and articles thereof","2","false","C00","TOTAL CPC","0","0","TOTAL MOT","-1","N/A","0","false","-1","N/A","0","false","0","true","0","false","1011513671","0","1011513671","4","false","true",
"C","A","20160101","2016","52","2016","156","CHN","China","M","Import","0","W00","World","0","W00","World","H4","HS","true","78","Lead and articles thereof","2","false","C00","TOTAL CPC","0","0","TOTAL MOT","-1","N/A","0","false","-1","N/A","0","false","0","true","0","false","52807718","0","52807718","4","false","true",
"C","A","20160101","2016","52","2016","156","CHN","China","M","Import","398","KAZ","Kazakhstan","0","W00","World","H4","HS","true","78","Lead and articles thereof","2","false","C00","TOTAL CPC","0","0","TOTAL MOT","-1","N/A","0","false","-1","N/A","0","false","0","true","0","false","58538","0","58538","4","false","true",
"C","A","20160101","2016","52","2016","156","CHN","China","M","Import","0","W00","World","0","W00","World","H4","HS","true","79","Zinc and articles thereof","2","false","C00","TOTAL CPC","0","0","TOTAL MOT","-1","N/A","0","false","-1","N/A","0","false","0","true","0","false","1171409614","0","1171409614","4","false","true",
"C","A","20160101","2016","52","2016","156","CHN","China","M","Import","398","KAZ","Kazakhstan","0","W00","World","H4","HS","true","79","Zinc and articles thereof","2","false","C00","TOTAL CPC","0","0","TOTAL MOT","-1","N/A","0","false","-1","N/A","0","false","0","true","0","false","198398682","0","198398682","4","false","true",
"C","A","20160101","2016","52","2016","156","CHN","China","M","Import","0","W00","World","0","W00","World","H4","HS","true","81","Metals; n.e.c., cermets and articles thereof","2","false","C00","TOTAL CPC","0","0","TOTAL MOT","-1","N/A","0","false","-1","N/A","0","false","0","true","0","false","1804134009","0","1804134009","4","false","true",
"C","A","20160101","2016","52","2016","156","CHN","China","M","Import","398","KAZ","Kazakhstan","0","W00","World","H4","HS","true","81","Metals; n.e.c., cermets and articles thereof","2","false","C00","TOTAL CPC","0","0","TOTAL MOT","-1","N/A","0","false","-1","N/A","0","false","0","true","0","false","4604588","0","4604588","4","false","true",
"C","A","20160101","2016","52","2016","156","CHN","China","M","Import","0","W00","World","0","W00","World","H4","HS","true","TOTAL","All Commodities","0","false","C00","TOTAL CPC","0","0","TOTAL MOT","-1","N/A","0","false","-1","N/A","0","false","0","true","0","false","1587920688162","0","1587920688162","4","false","true",
"C","A","20160101","2016","52","2016","156","CHN","China","M","Import","398","KAZ","Kazakhstan","0","W00","World","H4","HS","true","TOTAL","All Commodities","0","false","C00","TOTAL CPC","0","0","TOTAL MOT","-1","N/A","0","false","-1","N/A","0","false","0","true","0","false","4805078580","0","4805078580","4","false","true",
"C","A","20160101","2016","52","2016","156","CHN","China","X","Export","0","W00","World","0","W00","World","H4","HS","true","26","Ores, slag and ash","2","false","C00","TOTAL CPC","0","0","TOTAL MOT","-1","N/A","0","false","-1","N/A","0","false","0","true","0","false","0","270468805","270468805","4","false","true",
"C","A","20160101","2016","52","2016","156","CHN","China","X","Export","398","KAZ","Kazakhstan","0","W00","World","H4","HS","true","26","Ores, slag and ash","2","false","C00","TOTAL CPC","0","0","TOTAL MOT","-1","N/A","0","false","-1","N/A","0","false","0","true","0","false","0","90444","90444","4","false","true",
"C","A","20160101","2016","52","2016","156","CHN","China","X","Export","0","W00","World","0","W00","World","H4","HS","true","28","Inorganic chemicals; organic and inorganic compounds of precious metals; of rare earth metals, of radio-active elements and of isotopes","2","false","C00","TOTAL CPC","0","0","TOTAL MOT","-1","N/A","0","false","-1","N/A","0","false","0","true","0","false","0","12134627239","12134627239","4","false","true",
"C","A","20160101","2016","52","2016","156","CHN","China","X","Export","398","KAZ","Kazakhstan","0","W00","World","H4","HS","true","28","Inorganic chemicals; organic and inorganic compounds of precious metals; of rare earth metals, of radio-active elements and of isotopes","2","false","C00","TOTAL CPC","0","0","TOTAL MOT","-1","N/A","0","false","-1","N/A","0","false","0","true","0","false","0","37193286","37193286","4","false","true",
"C","A","20160101","2016","52","2016","156","CHN","China","X","Export","0","W00","World","0","W00","World","H4","HS","true","72","Iron and steel","2","false","C00","TOTAL CPC","0","0","TOTAL MOT","-1","N/A","0","false","-1","N/A","0","false","0","true","0","false","0","43243669540","43243669540","4","false","true",
"C","A","20160101","2016","52","2016","156","CHN","China","X","Export","398","KAZ","Kazakhstan","0","W00","World","H4","HS","true","72","Iron and steel","2","false","C00","TOTAL CPC","0","0","TOTAL MOT","-1","N/A","0","false","-1","N/A","0","false","0","true","0","false","0","122493077","122493077","4","false","true",
"C","A","20160101","2016","52","2016","156","CHN","China","X","Export","0","W00","World","0","W00","World","H4","HS","true","74","Copper and articles thereof","2","false","C00","TOTAL CPC","0","0","TOTAL MOT","-1","N/A","0","false","-1","N/A","0","false","0","true","0","false","0","5794826321","5794826321","4","false","true",
"C","A","20160101","2016","52","2016","156","CHN","China","X","Export","398","KAZ","Kazakhstan","0","W00","World","H4","HS","true","74","Copper and articles thereof","2","false","C00","TOTAL CPC","0","0","TOTAL MOT","-1","N/A","0","false","-1","N/A","0","false","0","true","0","false","0","3048033","3048033","4","false","true",
"C","A","20160101","2016","52","2016","156","CHN","China","X","Export","0","W00","World","0","W00","World","H4","HS","true","78","Lead and articles thereof","2","false","C00","TOTAL CPC","0","0","TOTAL MOT","-1","N/A","0","false","-1","N/A","0","false","0","true","0","false","0","72779236","72779236","4","false","true",
"C","A","20160101","2016","52","2016","156","CHN","China","X","Export","398","KAZ","Kazakhstan","0","W00","World","H4","HS","true","78","Lead and articles thereof","2","false","C00","TOTAL CPC","0","0","TOTAL MOT","-1","N/A","0","false","-1","N/A","0","false","0","true","0","false","0","488356","488356","4","false","true",
"C","A","20160101","2016","52","2016","156","CHN","China","X","Export","0","W00","World","0","W00","World","H4","HS","true","79","Zinc and articles thereof","2","false","C00","TOTAL CPC","0","0","TOTAL MOT","-1","N/A","0","false","-1","N/A","0","false","0","true","0","false","0","271933521","271933521","4","false","true",
"C","A","20160101","2016","52","2016","156","CHN","China","X","Export","398","KAZ","Kazakhstan","0","W00","World","H4","HS","true","79","Zinc and articles thereof","2","false","C00","TOTAL CPC","0","0","TOTAL MOT","-1","N/A","0","false","-1","N/A","0","false","0","true","0","false","0","20361","20361","4","false","true",
"C","A","20160101","2016","52","2016","156","CHN","China","X","Export","0","W00","World","0","W00","World","H4","HS","true","81","Metals; n.e.c., cermets and articles thereof","2","false","C00","TOTAL CPC","0","0","TOTAL MOT","-1","N/A","0","false","-1","N/A","0","false","0","true","0","false","0","2499829350","2499829350","4","false","true",
"C","A","20160101","2016","52","2016","156","CHN","China","X","Export","398","KAZ","Kazakhstan","0","W00","World","H4","HS","true","81","Metals; n.e.c., cermets and articles thereof","2","false","C00","TOTAL CPC","0","0","TOTAL MOT","-1","N/A","0","false","-1","N/A","0","false","0","true","0","false","0","3391044","3391044","4","false","true",
"C","A","20160101","2016","52","2016","156","CHN","China","X","Export","0","W00","World","0","W00","World","H4","HS","true","TOTAL","All Commodities","0","false","C00","TOTAL CPC","0","0","TOTAL MOT","-1","N/A","0","false","-1","N/A","0","false","0","true","0","false","0","2097637171895","2097637171895","4","false","true",
"C","A","20160101","2016","52","2016","156","CHN","China","X","Export","398","KAZ","Kazakhstan","0","W00","World","H4","HS","true","TOTAL","All Commodities","0","false","C00","TOTAL CPC","0","0","TOTAL MOT","-1","N/A","0","false","-1","N/A","0","false","0","true","0","false","0","8292320845","8292320845","4","false","true",
"C","A","20170101","2017","52","2017","156","CHN","China","M","Import","0","W00","World","0","W00","World","H5","HS","true","26","Ores, slag and ash","2","false","C00","TOTAL CPC","0 ","0","TOTAL MOT","-1","N/A","0","false","-1","N/A","0","false",,"true",,"false","126477634212",,"126477634212","0","false","true",
"C","A","20170101","2017","52","2017","156","CHN","China","M","Import","398","KAZ","Kazakhstan","0","W00","World","H5","HS","true","26","Ores, slag and ash","2","false","C00","TOTAL CPC","0 ","0","TOTAL MOT","-1","N/A","0","false","-1","N/A","0","false",,"false",,"false","1212555056",,"1212555056","0","false","true",
"C","A","20170101","2017","52","2017","156","CHN","China","M","Import","0","W00","World","0","W00","World","H5","HS","true","28","Inorganic chemicals; organic and inorganic compounds of precious metals; of rare earth metals, of radio-active elements and of isotopes","2","false","C00","TOTAL CPC","0 ","0","TOTAL MOT","-1","N/A","0","false","-1","N/A","0","false",,"true",,"false","10433675245",,"10433675245","0","false","true",
"C","A","20170101","2017","52","2017","156","CHN","China","M","Import","398","KAZ","Kazakhstan","0","W00","World","H5","HS","true","28","Inorganic chemicals; organic and inorganic compounds of precious metals; of rare earth metals, of radio-active elements and of isotopes","2","false","C00","TOTAL CPC","0 ","0","TOTAL MOT","-1","N/A","0","false","-1","N/A","0","false",,"false",,"false","1265267654",,"1265267654","0","false","true",
"C","A","20170101","2017","52","2017","156","CHN","China","M","Import","0","W00","World","0","W00","World","H5","HS","true","72","Iron and steel","2","false","C00","TOTAL CPC","0 ","0","TOTAL MOT","-1","N/A","0","false","-1","N/A","0","false",,"true",,"false","21475573590",,"21475573590","0","false","true",
"C","A","20170101","2017","52","2017","156","CHN","China","M","Import","398","KAZ","Kazakhstan","0","W00","World","H5","HS","true","72","Iron and steel","2","false","C00","TOTAL CPC","0 ","0","TOTAL MOT","-1","N/A","0","false","-1","N/A","0","false",,"false",,"false","823908205",,"823908205","0","false","true",
"C","A","20170101","2017","52","2017","156","CHN","China","M","Import","0","W00","World","0","W00","World","H5","HS","true","74","Copper and articles thereof","2","false","C00","TOTAL CPC","0 ","0","TOTAL MOT","-1","N/A","0","false","-1","N/A","0","false",,"true",,"false","41284905694",,"41284905694","0","false","true",
"C","A","20170101","2017","52","2017","156","CHN","China","M","Import","398","KAZ","Kazakhstan","0","W00","World","H5","HS","true","74","Copper and articles thereof","2","false","C00","TOTAL CPC","0 ","0","TOTAL MOT","-1","N/A","0","false","-1","N/A","0","false",,"false",,"false","1229588617",,"1229588617","0","false","true",
"C","A","20170101","2017","52","2017","156","CHN","China","M","Import","0","W00","World","0","W00","World","H5","HS","true","78","Lead and articles thereof","2","false","C00","TOTAL CPC","0 ","0","TOTAL MOT","-1","N/A","0","false","-1","N/A","0","false",,"true",,"false","265146035",,"265146035","0","false","true",
"C","A","20170101","2017","52","2017","156","CHN","China","M","Import","398","KAZ","Kazakhstan","0","W00","World","H5","HS","true","78","Lead and articles thereof","2","false","C00","TOTAL CPC","0 ","0","TOTAL MOT","-1","N/A","0","false","-1","N/A","0","false",,"false",,"false","69349714",,"69349714","0","false","true",
"C","A","20170101","2017","52","2017","156","CHN","China","M","Import","0","W00","World","0","W00","World","H5","HS","true","79","Zinc and articles thereof","2","false","C00","TOTAL CPC","0 ","0","TOTAL MOT","-1","N/A","0","false","-1","N/A","0","false",,"true",,"false","2496799321",,"2496799321","0","false","true",
"C","A","20170101","2017","52","2017","156","CHN","China","M","Import","398","KAZ","Kazakhstan","0","W00","World","H5","HS","true","79","Zinc and articles thereof","2","false","C00","TOTAL CPC","0 ","0","TOTAL MOT","-1","N/A","0","false","-1","N/A","0","false",,"false",,"false","339649190",,"339649190","0","false","true",
"C","A","20170101","2017","52","2017","156","CHN","China","M","Import","0","W00","World","0","W00","World","H5","HS","true","81","Metals; n.e.c., cermets and articles thereof","2","false","C00","TOTAL CPC","0 ","0","TOTAL MOT","-1","N/A","0","false","-1","N/A","0","false",,"true",,"false","3098410139",,"3098410139","0","false","true",
"C","A","20170101","2017","52","2017","156","CHN","China","M","Import","398","KAZ","Kazakhstan","0","W00","World","H5","HS","true","81","Metals; n.e.c., cermets and articles thereof","2","false","C00","TOTAL CPC","0 ","0","TOTAL MOT","-1","N/A","0","false","-1","N/A","0","false",,"false",,"false","17718583",,"17718583","0","false","true",
"C","A","20170101","2017","52","2017","156","CHN","China","M","Import","0","W00","World","0","W00","World","H5","HS","true","TOTAL","All Commodities","0","false","C00","TOTAL CPC","0 ","0","TOTAL MOT","-1","N/A","0","false","-1","N/A","0","false",,"true",,"false","1843792938795",,"1843792938795","0","false","true",
"C","A","20170101","2017","52","2017","156","CHN","China","M","Import","398","KAZ","Kazakhstan","0","W00","World","H5","HS","true","TOTAL","All Commodities","0","false","C00","TOTAL CPC","0 ","0","TOTAL MOT","-1","N/A","0","false","-1","N/A","0","false",,"true",,"false","6378690611",,"6378690611","0","false","true",
"C","A","20170101","2017","52","2017","156","CHN","China","X","Export","0","W00","World","0","W00","World","H5","HS","true","26","Ores, slag and ash","2","false","C00","TOTAL CPC","0 ","0","TOTAL MOT","-1","N/A","0","false","-1","N/A","0","false",,"false",,"false",,"717174679","717174679","0","false","true",
"C","A","20170101","2017","52","2017","156","CHN","China","X","Export","398","KAZ","Kazakhstan","0","W00","World","H5","HS","true","26","Ores, slag and ash","2","false","C00","TOTAL CPC","0 ","0","TOTAL MOT","-1","N/A","0","false","-1","N/A","0","false",,"false",,"false",,"617821","617821","0","false","true",
"C","A","20170101","2017","52","2017","156","CHN","China","X","Export","0","W00","World","0","W00","World","H5","HS","true","28","Inorganic chemicals; organic and inorganic compounds of precious metals; of rare earth metals, of radio-active elements and of isotopes","2","false","C00","TOTAL CPC","0 ","0","TOTAL MOT","-1","N/A","0","false","-1","N/A","0","false",,"true",,"false",,"15004411892","15004411892","0","false","true",
"C","A","20170101","2017","52","2017","156","CHN","China","X","Export","398","KAZ","Kazakhstan","0","W00","World","H5","HS","true","28","Inorganic chemicals; organic and inorganic compounds of precious metals; of rare earth metals, of radio-active elements and of isotopes","2","false","C00","TOTAL CPC","0 ","0","TOTAL MOT","-1","N/A","0","false","-1","N/A","0","false",,"true",,"false",,"128318627","128318627","0","false","true",
"C","A","20170101","2017","52","2017","156","CHN","China","X","Export","0","W00","World","0","W00","World","H5","HS","true","72","Iron and steel","2","false","C00","TOTAL CPC","0 ","0","TOTAL MOT","-1","N/A","0","false","-1","N/A","0","false",,"true",,"false",,"42984233192","42984233192","0","false","true",
"C","A","20170101","2017","52","2017","156","CHN","China","X","Export","398","KAZ","Kazakhstan","0","W00","World","H5","HS","true","72","Iron and steel","2","false","C00","TOTAL CPC","0 ","0","TOTAL MOT","-1","N/A","0","false","-1","N/A","0","false",,"true",,"false",,"163563368","163563368","0","false","true",
"C","A","20170101","2017","52","2017","156","CHN","China","X","Export","0","W00","World","0","W00","World","H5","HS","true","74","Copper and articles thereof","2","false","C00","TOTAL CPC","0 ","0","TOTAL MOT","-1","N/A","0","false","-1","N/A","0","false",,"true",,"false",,"6457489331","6457489331","0","false","true",
"C","A","20170101","2017","52","2017","156","CHN","China","X","Export","398","KAZ","Kazakhstan","0","W00","World","H5","HS","true","74","Copper and articles thereof","2","false","C00","TOTAL CPC","0 ","0","TOTAL MOT","-1","N/A","0","false","-1","N/A","0","false",,"true",,"false",,"3196127","3196127","0","false","true",
"C","A","20170101","2017","52","2017","156","CHN","China","X","Export","0","W00","World","0","W00","World","H5","HS","true","78","Lead and articles thereof","2","false","C00","TOTAL CPC","0 ","0","TOTAL MOT","-1","N/A","0","false","-1","N/A","0","false",,"true",,"false",,"84879683","84879683","0","false","true",
"C","A","20170101","2017","52","2017","156","CHN","China","X","Export","398","KAZ","Kazakhstan","0","W00","World","H5","HS","true","78","Lead and articles thereof","2","false","C00","TOTAL CPC","0 ","0","TOTAL MOT","-1","N/A","0","false","-1","N/A","0","false",,"false",,"false",,"264540","264540","0","false","true",
"C","A","20170101","2017","52","2017","156","CHN","China","X","Export","0","W00","World","0","W00","World","H5","HS","true","79","Zinc and articles thereof","2","false","C00","TOTAL CPC","0 ","0","TOTAL MOT","-1","N/A","0","false","-1","N/A","0","false",,"true",,"false",,"243361152","243361152","0","false","true",
"C","A","20170101","2017","52","2017","156","CHN","China","X","Export","398","KAZ","Kazakhstan","0","W00","World","H5","HS","true","79","Zinc and articles thereof","2","false","C00","TOTAL CPC","0 ","0","TOTAL MOT","-1","N/A","0","false","-1","N/A","0","false",,"false",,"false",,"131323","131323","0","false","true",
"C","A","20170101","2017","52","2017","156","CHN","China","X","Export","0","W00","World","0","W00","World","H5","HS","true","81","Metals; n.e.c., cermets and articles thereof","2","false","C00","TOTAL CPC","0 ","0","TOTAL MOT","-1","N/A","0","false","-1","N/A","0","false",,"true",,"false",,"3228823951","3228823951","0","false","true",
"C","A","20170101","2017","52","2017","156","CHN","China","X","Export","398","KAZ","Kazakhstan","0","W00","World","H5","HS","true","81","Metals; n.e.c., cermets and articles thereof","2","false","C00","TOTAL CPC","0 ","0","TOTAL MOT","-1","N/A","0","false","-1","N/A","0","false",,"false",,"false",,"4856850","4856850","0","false","true",
"C","A","20170101","2017","52","2017","156","CHN","China","X","Export","0","W00","World","0","W00","World","H5","HS","true","TOTAL","All Commodities","0","false","C00","TOTAL CPC","0 ","0","TOTAL MOT","-1","N/A","0","false","-1","N/A","0","false",,"true",,"false",,"2263370504301","2263370504301","0","false","true",
"C","A","20170101","2017","52","2017","156","CHN","China","X","Export","398","KAZ","Kazakhstan","0","W00","World","H5","HS","true","TOTAL","All Commodities","0","false","C00","TOTAL CPC","0 ","0","TOTAL MOT","-1","N/A","0","false","-1","N/A","0","false",,"true",,"false",,"11564442930","11564442930","0","false","true",
"C","A","20180101","2018","52","2018","156","CHN","China","M","Import","0","W00","World","0","W00","World","H5","HS","true","26","Ores, slag and ash","2","false","C00","TOTAL CPC","0","0","TOTAL MOT","-1","N/A","0","false","-1","N/A","0","false","0","true","0","false","135868105618","0","135868105618","4","false","true",
"C","A","20180101","2018","52","2018","156","CHN","China","M","Import","398","KAZ","Kazakhstan","0","W00","World","H5","HS","true","26","Ores, slag and ash","2","false","C00","TOTAL CPC","0","0","TOTAL MOT","-1","N/A","0","false","-1","N/A","0","false","0","true","0","false","1598650757","0","1598650757","4","false","true",
"C","A","20180101","2018","52","2018","156","CHN","China","M","Import","0","W00","World","0","W00","World","H5","HS","true","28","Inorganic chemicals; organic and inorganic compounds of precious metals; of rare earth metals, of radio-active elements and of isotopes","2","false","C00","TOTAL CPC","0","0","TOTAL MOT","-1","N/A","0","false","-1","N/A","0","false","0","true","0","false","10835891955","0","10835891955","4","false","true",
"C","A","20180101","2018","52","2018","156","CHN","China","M","Import","398","KAZ","Kazakhstan","0","W00","World","H5","HS","true","28","Inorganic chemicals; organic and inorganic compounds of precious metals; of rare earth metals, of radio-active elements and of isotopes","2","false","C00","TOTAL CPC","0","0","TOTAL MOT","-1","N/A","0","false","-1","N/A","0","false","0","false","0","false","1068336998","0","1068336998","0","false","true",
"C","A","20180101","2018","52","2018","156","CHN","China","M","Import","0","W00","World","0","W00","World","H5","HS","true","72","Iron and steel","2","false","C00","TOTAL CPC","0","0","TOTAL MOT","-1","N/A","0","false","-1","N/A","0","false","0","true","0","false","22369894746","0","22369894746","4","false","true",
"C","A","20180101","2018","52","2018","156","CHN","China","M","Import","398","KAZ","Kazakhstan","0","W00","World","H5","HS","true","72","Iron and steel","2","false","C00","TOTAL CPC","0","0","TOTAL MOT","-1","N/A","0","false","-1","N/A","0","false","0","false","0","false","926852800","0","926852800","0","false","true",
"C","A","20180101","2018","52","2018","156","CHN","China","M","Import","0","W00","World","0","W00","World","H5","HS","true","74","Copper and articles thereof","2","false","C00","TOTAL CPC","0","0","TOTAL MOT","-1","N/A","0","false","-1","N/A","0","false","0","true","0","false","47536738321","0","47536738321","4","false","true",
"C","A","20180101","2018","52","2018","156","CHN","China","M","Import","398","KAZ","Kazakhstan","0","W00","World","H5","HS","true","74","Copper and articles thereof","2","false","C00","TOTAL CPC","0","0","TOTAL MOT","-1","N/A","0","false","-1","N/A","0","false","0","false","0","false","1469629657","0","1469629657","0","false","true",
"C","A","20180101","2018","52","2018","156","CHN","China","M","Import","0","W00","World","0","W00","World","H5","HS","true","78","Lead and articles thereof","2","false","C00","TOTAL CPC","0","0","TOTAL MOT","-1","N/A","0","false","-1","N/A","0","false","0","true","0","false","401899307","0","401899307","4","false","true",
"C","A","20180101","2018","52","2018","156","CHN","China","M","Import","398","KAZ","Kazakhstan","0","W00","World","H5","HS","true","78","Lead and articles thereof","2","false","C00","TOTAL CPC","0","0","TOTAL MOT","-1","N/A","0","false","-1","N/A","0","false","0","false","0","false","83906193","0","83906193","0","false","true",
"C","A","20180101","2018","52","2018","156","CHN","China","M","Import","0","W00","World","0","W00","World","H5","HS","true","79","Zinc and articles thereof","2","false","C00","TOTAL CPC","0","0","TOTAL MOT","-1","N/A","0","false","-1","N/A","0","false","0","true","0","false","2573363136","0","2573363136","4","false","true",
"C","A","20180101","2018","52","2018","156","CHN","China","M","Import","398","KAZ","Kazakhstan","0","W00","World","H5","HS","true","79","Zinc and articles thereof","2","false","C00","TOTAL CPC","0","0","TOTAL MOT","-1","N/A","0","false","-1","N/A","0","false","0","false","0","false","558139313","0","558139313","0","false","true",
"C","A","20180101","2018","52","2018","156","CHN","China","M","Import","0","W00","World","0","W00","World","H5","HS","true","81","Metals; n.e.c., cermets and articles thereof","2","false","C00","TOTAL CPC","0","0","TOTAL MOT","-1","N/A","0","false","-1","N/A","0","false","0","true","0","false","4780277651","0","4780277651","4","false","true",
"C","A","20180101","2018","52","2018","156","CHN","China","M","Import","398","KAZ","Kazakhstan","0","W00","World","H5","HS","true","81","Metals; n.e.c., cermets and articles thereof","2","false","C00","TOTAL CPC","0","0","TOTAL MOT","-1","N/A","0","false","-1","N/A","0","false","0","false","0","false","33488090","0","33488090","0","false","true",
"C","A","20180101","2018","52","2018","156","CHN","China","M","Import","0","W00","World","0","W00","World","H5","HS","true","TOTAL","All Commodities","0","false","C00","TOTAL CPC","0","0","TOTAL MOT","-1","N/A","0","false","-1","N/A","0","false","0","true","0","false","2133605397056","0","2133605397056","4","false","true",
"C","A","20180101","2018","52","2018","156","CHN","China","M","Import","398","KAZ","Kazakhstan","0","W00","World","H5","HS","true","TOTAL","All Commodities","0","false","C00","TOTAL CPC","0","0","TOTAL MOT","-1","N/A","0","false","-1","N/A","0","false","0","true","0","false","8093143784","0","8093143784","4","false","true",
"C","A","20180101","2018","52","2018","156","CHN","China","X","Export","0","W00","World","0","W00","World","H5","HS","true","26","Ores, slag and ash","2","false","C00","TOTAL CPC","0","0","TOTAL MOT","-1","N/A","0","false","-1","N/A","0","false","0","false","0","false","0","1164442867","1164442867","0","false","true",
"C","A","20180101","2018","52","2018","156","CHN","China","X","Export","398","KAZ","Kazakhstan","0","W00","World","H5","HS","true","26","Ores, slag and ash","2","false","C00","TOTAL CPC","0","0","TOTAL MOT","-1","N/A","0","false","-1","N/A","0","false","0","false","0","false","0","369948","369948","0","false","true",
"C","A","20180101","2018","52","2018","156","CHN","China","X","Export","0","W00","World","0","W00","World","H5","HS","true","28","Inorganic chemicals; organic and inorganic compounds of precious metals; of rare earth metals, of radio-active elements and of isotopes","2","false","C00","TOTAL CPC","0","0","TOTAL MOT","-1","N/A","0","false","-1","N/A","0","false","0","true","0","false","0","20089087368","20089087368","4","false","true",
"C","A","20180101","2018","52","2018","156","CHN","China","X","Export","398","KAZ","Kazakhstan","0","W00","World","H5","HS","true","28","Inorganic chemicals; organic and inorganic compounds of precious metals; of rare earth metals, of radio-active elements and of isotopes","2","false","C00","TOTAL CPC","0","0","TOTAL MOT","-1","N/A","0","false","-1","N/A","0","false","0","true","0","false","0","144118212","144118212","4","false","true",
"C","A","20180101","2018","52","2018","156","CHN","China","X","Export","0","W00","World","0","W00","World","H5","HS","true","72","Iron and steel","2","false","C00","TOTAL CPC","0","0","TOTAL MOT","-1","N/A","0","false","-1","N/A","0","false","0","true","0","false","0","46861046001","46861046001","4","false","true",
"C","A","20180101","2018","52","2018","156","CHN","China","X","Export","398","KAZ","Kazakhstan","0","W00","World","H5","HS","true","72","Iron and steel","2","false","C00","TOTAL CPC","0","0","TOTAL MOT","-1","N/A","0","false","-1","N/A","0","false","0","false","0","false","0","159559863","159559863","0","false","true",
"C","A","20180101","2018","52","2018","156","CHN","China","X","Export","0","W00","World","0","W00","World","H5","HS","true","74","Copper and articles thereof","2","false","C00","TOTAL CPC","0","0","TOTAL MOT","-1","N/A","0","false","-1","N/A","0","false","0","true","0","false","0","6941899596","6941899596","4","false","true",
"C","A","20180101","2018","52","2018","156","CHN","China","X","Export","398","KAZ","Kazakhstan","0","W00","World","H5","HS","true","74","Copper and articles thereof","2","false","C00","TOTAL CPC","0","0","TOTAL MOT","-1","N/A","0","false","-1","N/A","0","false","0","true","0","false","0","3185877","3185877","4","false","true",
"C","A","20180101","2018","52","2018","156","CHN","China","X","Export","0","W00","World","0","W00","World","H5","HS","true","78","Lead and articles thereof","2","false","C00","TOTAL CPC","0","0","TOTAL MOT","-1","N/A","0","false","-1","N/A","0","false","0","true","0","false","0","132007601","132007601","4","false","true",
"C","A","20180101","2018","52","2018","156","CHN","China","X","Export","398","KAZ","Kazakhstan","0","W00","World","H5","HS","true","78","Lead and articles thereof","2","false","C00","TOTAL CPC","0","0","TOTAL MOT","-1","N/A","0","false","-1","N/A","0","false","0","true","0","false","0","508869","508869","4","false","true",
"C","A","20180101","2018","52","2018","156","CHN","China","X","Export","0","W00","World","0","W00","World","H5","HS","true","79","Zinc and articles thereof","2","false","C00","TOTAL CPC","0","0","TOTAL MOT","-1","N/A","0","false","-1","N/A","0","false","0","true","0","false","0","248865673","248865673","4","false","true",
"C","A","20180101","2018","52","2018","156","CHN","China","X","Export","398","KAZ","Kazakhstan","0","W00","World","H5","HS","true","79","Zinc and articles thereof","2","false","C00","TOTAL CPC","0","0","TOTAL MOT","-1","N/A","0","false","-1","N/A","0","false","0","false","0","false","0","214377","214377","0","false","true",
"C","A","20180101","2018","52","2018","156","CHN","China","X","Export","0","W00","World","0","W00","World","H5","HS","true","81","Metals; n.e.c., cermets and articles thereof","2","false","C00","TOTAL CPC","0","0","TOTAL MOT","-1","N/A","0","false","-1","N/A","0","false","0","true","0","false","0","3865003970","3865003970","4","false","true",
"C","A","20180101","2018","52","2018","156","CHN","China","X","Export","398","KAZ","Kazakhstan","0","W00","World","H5","HS","true","81","Metals; n.e.c., cermets and articles thereof","2","false","C00","TOTAL CPC","0","0","TOTAL MOT","-1","N/A","0","false","-1","N/A","0","false","0","true","0","false","0","2658833","2658833","4","false","true",
"C","A","20180101","2018","52","2018","156","CHN","China","X","Export","0","W00","World","0","W00","World","H5","HS","true","TOTAL","All Commodities","0","false","C00","TOTAL CPC","0","0","TOTAL MOT","-1","N/A","0","false","-1","N/A","0","false","0","true","0","false","0","2486439719803","2486439719803","4","false","true",
"C","A","20180101","2018","52","2018","156","CHN","China","X","Export","398","KAZ","Kazakhstan","0","W00","World","H5","HS","true","TOTAL","All Commodities","0","false","C00","TOTAL CPC","0","0","TOTAL MOT","-1","N/A","0","false","-1","N/A","0","false","0","true","0","false","0","11351714305","11351714305","4","false","true",
"C","A","20190101","2019","52","2019","156","CHN","China","M","Import","0","W00","World","0","W00","World","H5","HS","true","26","Ores, slag and ash","2","false","C00","TOTAL CPC","0","0","TOTAL MOT","-1","N/A","0","false","-1","N/A","0","false","0","false","0","false","164958223211","0","164958223211","0","false","true",
"C","A","20190101","2019","52","2019","156","CHN","China","M","Import","398","KAZ","Kazakhstan","0","W00","World","H5","HS","true","26","Ores, slag and ash","2","false","C00","TOTAL CPC","0","0","TOTAL MOT","-1","N/A","0","false","-1","N/A","0","false","0","false","0","false","1642369749","0","1642369749","0","false","true",
"C","A","20190101","2019","52","2019","156","CHN","China","M","Import","0","W00","World","0","W00","World","H5","HS","true","28","Inorganic chemicals; organic and inorganic compounds of precious metals; of rare earth metals, of radio-active elements and of isotopes","2","false","C00","TOTAL CPC","0","0","TOTAL MOT","-1","N/A","0","false","-1","N/A","0","false","0","true","0","false","10366322755","0","10366322755","4","false","true",
"C","A","20190101","2019","52","2019","156","CHN","China","M","Import","398","KAZ","Kazakhstan","0","W00","World","H5","HS","true","28","Inorganic chemicals; organic and inorganic compounds of precious metals; of rare earth metals, of radio-active elements and of isotopes","2","false","C00","TOTAL CPC","0","0","TOTAL MOT","-1","N/A","0","false","-1","N/A","0","false","0","true","0","false","869354008","0","869354008","4","false","true",
"C","A","20190101","2019","52","2019","156","CHN","China","M","Import","0","W00","World","0","W00","World","H5","HS","true","72","Iron and steel","2","false","C00","TOTAL CPC","0","0","TOTAL MOT","-1","N/A","0","false","-1","N/A","0","false","0","true","0","false","23409734687","0","23409734687","4","false","true",
"C","A","20190101","2019","52","2019","156","CHN","China","M","Import","398","KAZ","Kazakhstan","0","W00","World","H5","HS","true","72","Iron and steel","2","false","C00","TOTAL CPC","0","0","TOTAL MOT","-1","N/A","0","false","-1","N/A","0","false","0","false","0","false","905989958","0","905989958","0","false","true",
"C","A","20190101","2019","52","2019","156","CHN","China","M","Import","0","W00","World","0","W00","World","H5","HS","true","74","Copper and articles thereof","2","false","C00","TOTAL CPC","0","0","TOTAL MOT","-1","N/A","0","false","-1","N/A","0","false","0","true","0","false","40626446365","0","40626446365","4","false","true",
"C","A","20190101","2019","52","2019","156","CHN","China","M","Import","398","KAZ","Kazakhstan","0","W00","World","H5","HS","true","74","Copper and articles thereof","2","false","C00","TOTAL CPC","0","0","TOTAL MOT","-1","N/A","0","false","-1","N/A","0","false","0","false","0","false","1743235196","0","1743235196","0","false","true",
"C","A","20190101","2019","52","2019","156","CHN","China","M","Import","0","W00","World","0","W00","World","H5","HS","true","78","Lead and articles thereof","2","false","C00","TOTAL CPC","0","0","TOTAL MOT","-1","N/A","0","false","-1","N/A","0","false","0","true","0","false","369685547","0","369685547","4","false","true",
"C","A","20190101","2019","52","2019","156","CHN","China","M","Import","398","KAZ","Kazakhstan","0","W00","World","H5","HS","true","78","Lead and articles thereof","2","false","C00","TOTAL CPC","0","0","TOTAL MOT","-1","N/A","0","false","-1","N/A","0","false","0","false","0","false","19731941","0","19731941","0","false","true",
"C","A","20190101","2019","52","2019","156","CHN","China","M","Import","0","W00","World","0","W00","World","H5","HS","true","79","Zinc and articles thereof","2","false","C00","TOTAL CPC","0","0","TOTAL MOT","-1","N/A","0","false","-1","N/A","0","false","0","true","0","false","2092022514","0","2092022514","4","false","true",
"C","A","20190101","2019","52","2019","156","CHN","China","M","Import","398","KAZ","Kazakhstan","0","W00","World","H5","HS","true","79","Zinc and articles thereof","2","false","C00","TOTAL CPC","0","0","TOTAL MOT","-1","N/A","0","false","-1","N/A","0","false","0","false","0","false","622930250","0","622930250","0","false","true",
"C","A","20190101","2019","52","2019","156","CHN","China","M","Import","0","W00","World","0","W00","World","H5","HS","true","81","Metals; n.e.c., cermets and articles thereof","2","false","C00","TOTAL CPC","0","0","TOTAL MOT","-1","N/A","0","false","-1","N/A","0","false","0","true","0","false","3112541869","0","3112541869","4","false","true",
"C","A","20190101","2019","52","2019","156","CHN","China","M","Import","398","KAZ","Kazakhstan","0","W00","World","H5","HS","true","81","Metals; n.e.c., cermets and articles thereof","2","false","C00","TOTAL CPC","0","0","TOTAL MOT","-1","N/A","0","false","-1","N/A","0","false","0","false","0","false","57701601","0","57701601","0","false","true",
"C","A","20190101","2019","52","2019","156","CHN","China","M","Import","0","W00","World","0","W00","World","H5","HS","true","TOTAL","All Commodities","0","false","C00","TOTAL CPC","0","0","TOTAL MOT","-1","N/A","0","false","-1","N/A","0","false","0","true","0","false","2079285499197","0","2079285499197","4","false","true",
"C","A","20190101","2019","52","2019","156","CHN","China","M","Import","398","KAZ","Kazakhstan","0","W00","World","H5","HS","true","TOTAL","All Commodities","0","false","C00","TOTAL CPC","0","0","TOTAL MOT","-1","N/A","0","false","-1","N/A","0","false","0","true","0","false","8861855362","0","8861855362","4","false","true",
"C","A","20190101","2019","52","2019","156","CHN","China","X","Export","0","W00","World","0","W00","World","H5","HS","true","26","Ores, slag and ash","2","false","C00","TOTAL CPC","0","0","TOTAL MOT","-1","N/A","0","false","-1","N/A","0","false","0","true","0","false","0","1746659018","1746659018","4","false","true",
"C","A","20190101","2019","52","2019","156","CHN","China","X","Export","398","KAZ","Kazakhstan","0","W00","World","H5","HS","true","26","Ores, slag and ash","2","false","C00","TOTAL CPC","0","0","TOTAL MOT","-1","N/A","0","false","-1","N/A","0","false","0","false","0","false","0","140979","140979","0","false","true",
"C","A","20190101","2019","52","2019","156","CHN","China","X","Export","0","W00","World","0","W00","World","H5","HS","true","28","Inorganic chemicals; organic and inorganic compounds of precious metals; of rare earth metals, of radio-active elements and of isotopes","2","false","C00","TOTAL CPC","0","0","TOTAL MOT","-1","N/A","0","false","-1","N/A","0","false","0","false","0","false","0","16839453040","16839453040","0","false","true",
"C","A","20190101","2019","52","2019","156","CHN","China","X","Export","398","KAZ","Kazakhstan","0","W00","World","H5","HS","true","28","Inorganic chemicals; organic and inorganic compounds of precious metals; of rare earth metals, of radio-active elements and of isotopes","2","false","C00","TOTAL CPC","0","0","TOTAL MOT","-1","N/A","0","false","-1","N/A","0","false","0","true","0","false","0","68799727","68799727","4","false","true",
"C","A","20190101","2019","52","2019","156","CHN","China","X","Export","0","W00","World","0","W00","World","H5","HS","true","72","Iron and steel","2","false","C00","TOTAL CPC","0","0","TOTAL MOT","-1","N/A","0","false","-1","N/A","0","false","0","true","0","false","0","39414699799","39414699799","4","false","true",
"C","A","20190101","2019","52","2019","156","CHN","China","X","Export","398","KAZ","Kazakhstan","0","W00","World","H5","HS","true","72","Iron and steel","2","false","C00","TOTAL CPC","0","0","TOTAL MOT","-1","N/A","0","false","-1","N/A","0","false","0","true","0","false","0","170744056","170744056","4","false","true",
"C","A","20190101","2019","52","2019","156","CHN","China","X","Export","0","W00","World","0","W00","World","H5","HS","true","74","Copper and articles thereof","2","false","C00","TOTAL CPC","0","0","TOTAL MOT","-1","N/A","0","false","-1","N/A","0","false","0","true","0","false","0","6780859330","6780859330","4","false","true",
"C","A","20190101","2019","52","2019","156","CHN","China","X","Export","398","KAZ","Kazakhstan","0","W00","World","H5","HS","true","74","Copper and articles thereof","2","false","C00","TOTAL CPC","0","0","TOTAL MOT","-1","N/A","0","false","-1","N/A","0","false","0","true","0","false","0","2692453","2692453","4","false","true",
"C","A","20190101","2019","52","2019","156","CHN","China","X","Export","0","W00","World","0","W00","World","H5","HS","true","78","Lead and articles thereof","2","false","C00","TOTAL CPC","0","0","TOTAL MOT","-1","N/A","0","false","-1","N/A","0","false","0","true","0","false","0","63921420","63921420","4","false","true",
"C","A","20190101","2019","52","2019","156","CHN","China","X","Export","398","KAZ","Kazakhstan","0","W00","World","H5","HS","true","78","Lead and articles thereof","2","false","C00","TOTAL CPC","0","0","TOTAL MOT","-1","N/A","0","false","-1","N/A","0","false","0","false","0","false","0","238150","238150","0","false","true",
"C","A","20190101","2019","52","2019","156","CHN","China","X","Export","0","W00","World","0","W00","World","H5","HS","true","79","Zinc and articles thereof","2","false","C00","TOTAL CPC","0","0","TOTAL MOT","-1","N/A","0","false","-1","N/A","0","false","0","true","0","false","0","331267855","331267855","4","false","true",
"C","A","20190101","2019","52","2019","156","CHN","China","X","Export","398","KAZ","Kazakhstan","0","W00","World","H5","HS","true","79","Zinc and articles thereof","2","false","C00","TOTAL CPC","0","0","TOTAL MOT","-1","N/A","0","false","-1","N/A","0","false","0","false","0","false","0","126539","126539","0","false","true",
"C","A","20190101","2019","52","2019","156","CHN","China","X","Export","0","W00","World","0","W00","World","H5","HS","true","81","Metals; n.e.c., cermets and articles thereof","2","false","C00","TOTAL CPC","0","0","TOTAL MOT","-1","N/A","0","false","-1","N/A","0","false","0","true","0","false","0","3526180048","3526180048","4","false","true",
"C","A","20190101","2019","52","2019","156","CHN","China","X","Export","398","KAZ","Kazakhstan","0","W00","World","H5","HS","true","81","Metals; n.e.c., cermets and articles thereof","2","false","C00","TOTAL CPC","0","0","TOTAL MOT","-1","N/A","0","false","-1","N/A","0","false","0","true","0","false","0","4916039","4916039","4","false","true",
"C","A","20190101","2019","52","2019","156","CHN","China","X","Export","0","W00","World","0","W00","World","H5","HS","true","TOTAL","All Commodities","0","false","C00","TOTAL CPC","0","0","TOTAL MOT","-1","N/A","0","false","-1","N/A","0","false","0","true","0","false","0","2499206993866","2499206993866","4","false","true",
"C","A","20190101","2019","52","2019","156","CHN","China","X","Export","398","KAZ","Kazakhstan","0","W00","World","H5","HS","true","TOTAL","All Commodities","0","false","C00","TOTAL CPC","0","0","TOTAL MOT","-1","N/A","0","false","-1","N/A","0","false","0","true","0","false","0","12729100679","12729100679","4","false","true",
"C","A","20200101","2020","52","2020","156","CHN","China","M","Import","0","W00","World","0","W00","World","H5","HS","true","26","Ores, slag and ash","2","false","C00","TOTAL CPC","0","0","TOTAL MOT","-1","N/A","0","false","-1","N/A","0","false","0","false","0","false","187192533351","0","187192533351","0","false","true",
"C","A","20200101","2020","52","2020","156","CHN","China","M","Import","398","KAZ","Kazakhstan","0","W00","World","H5","HS","true","26","Ores, slag and ash","2","false","C00","TOTAL CPC","0","0","TOTAL MOT","-1","N/A","0","false","-1","N/A","0","false","0","false","0","false","2061079150","0","2061079150","0","false","true",
"C","A","20200101","2020","52","2020","156","CHN","China","M","Import","0","W00","World","0","W00","World","H5","HS","true","28","Inorganic chemicals; organic and inorganic compounds of precious metals; of rare earth metals, of radio-active elements and of isotopes","2","false","C00","TOTAL CPC","0","0","TOTAL MOT","-1","N/A","0","false","-1","N/A","0","false","0","true","0","false","11021438494","0","11021438494","4","false","true",
"C","A","20200101","2020","52","2020","156","CHN","China","M","Import","398","KAZ","Kazakhstan","0","W00","World","H5","HS","true","28","Inorganic chemicals; organic and inorganic compounds of precious metals; of rare earth metals, of radio-active elements and of isotopes","2","false","C00","TOTAL CPC","0","0","TOTAL MOT","-1","N/A","0","false","-1","N/A","0","false","0","true","0","false","1208652916","0","1208652916","4","false","true",
"C","A","20200101","2020","52","2020","156","CHN","China","M","Import","0","W00","World","0","W00","World","H5","HS","true","72","Iron and steel","2","false","C00","TOTAL CPC","0","0","TOTAL MOT","-1","N/A","0","false","-1","N/A","0","false","0","true","0","false","36901161339","0","36901161339","4","false","true",
"C","A","20200101","2020","52","2020","156","CHN","China","M","Import","398","KAZ","Kazakhstan","0","W00","World","H5","HS","true","72","Iron and steel","2","false","C00","TOTAL CPC","0","0","TOTAL MOT","-1","N/A","0","false","-1","N/A","0","false","0","false","0","false","1146108212","0","1146108212","0","false","true",
"C","A","20200101","2020","52","2020","156","CHN","China","M","Import","0","W00","World","0","W00","World","H5","HS","true","74","Copper and articles thereof","2","false","C00","TOTAL CPC","0","0","TOTAL MOT","-1","N/A","0","false","-1","N/A","0","false","0","true","0","false","48913982512","0","48913982512","4","false","true",
"C","A","20200101","2020","52","2020","156","CHN","China","M","Import","398","KAZ","Kazakhstan","0","W00","World","H5","HS","true","74","Copper and articles thereof","2","false","C00","TOTAL CPC","0","0","TOTAL MOT","-1","N/A","0","false","-1","N/A","0","false","0","false","0","false","1834203099","0","1834203099","0","false","true",
"C","A","20200101","2020","52","2020","156","CHN","China","M","Import","0","W00","World","0","W00","World","H5","HS","true","78","Lead and articles thereof","2","false","C00","TOTAL CPC","0","0","TOTAL MOT","-1","N/A","0","false","-1","N/A","0","false","0","true","0","false","120720420","0","120720420","4","false","true",
"C","A","20200101","2020","52","2020","156","CHN","China","M","Import","398","KAZ","Kazakhstan","0","W00","World","H5","HS","true","78","Lead and articles thereof","2","false","C00","TOTAL CPC","0","0","TOTAL MOT","-1","N/A","0","false","-1","N/A","0","false","0","false","0","false","5134651","0","5134651","0","false","true",
"C","A","20200101","2020","52","2020","156","CHN","China","M","Import","0","W00","World","0","W00","World","H5","HS","true","79","Zinc and articles thereof","2","false","C00","TOTAL CPC","0","0","TOTAL MOT","-1","N/A","0","false","-1","N/A","0","false","0","true","0","false","1996605318","0","1996605318","4","false","true",
"C","A","20200101","2020","52","2020","156","CHN","China","M","Import","398","KAZ","Kazakhstan","0","W00","World","H5","HS","true","79","Zinc and articles thereof","2","false","C00","TOTAL CPC","0","0","TOTAL MOT","-1","N/A","0","false","-1","N/A","0","false","0","false","0","false","450290091","0","450290091","0","false","true",
"C","A","20200101","2020","52","2020","156","CHN","China","M","Import","0","W00","World","0","W00","World","H5","HS","true","81","Metals; n.e.c., cermets and articles thereof","2","false","C00","TOTAL CPC","0","0","TOTAL MOT","-1","N/A","0","false","-1","N/A","0","false","0","true","0","false","3434828754","0","3434828754","4","false","true",
"C","A","20200101","2020","52","2020","156","CHN","China","M","Import","398","KAZ","Kazakhstan","0","W00","World","H5","HS","true","81","Metals; n.e.c., cermets and articles thereof","2","false","C00","TOTAL CPC","0","0","TOTAL MOT","-1","N/A","0","false","-1","N/A","0","false","0","false","0","false","37031535","0","37031535","0","false","true",
"C","A","20200101","2020","52","2020","156","CHN","China","M","Import","0","W00","World","0","W00","World","H5","HS","true","TOTAL","All Commodities","0","false","C00","TOTAL CPC","0","0","TOTAL MOT","-1","N/A","0","false","-1","N/A","0","false","0","true","0","false","2069567864872","0","2069567864872","4","false","true",
"C","A","20200101","2020","52","2020","156","CHN","China","M","Import","398","KAZ","Kazakhstan","0","W00","World","H5","HS","true","TOTAL","All Commodities","0","false","C00","TOTAL CPC","0","0","TOTAL MOT","-1","N/A","0","false","-1","N/A","0","false","0","true","0","false","10366080476","0","10366080476","4","false","true",
"C","A","20200101","2020","52","2020","156","CHN","China","X","Export","0","W00","World","0","W00","World","H5","HS","true","26","Ores, slag and ash","2","false","C00","TOTAL CPC","0","0","TOTAL MOT","-1","N/A","0","false","-1","N/A","0","false","0","true","0","false","0","1942480630","1942480630","4","false","true",
"C","A","20200101","2020","52","2020","156","CHN","China","X","Export","398","KAZ","Kazakhstan","0","W00","World","H5","HS","true","26","Ores, slag and ash","2","false","C00","TOTAL CPC","0","0","TOTAL MOT","-1","N/A","0","false","-1","N/A","0","false","0","false","0","false","0","26391","26391","0","false","true",
"C","A","20200101","2020","52","2020","156","CHN","China","X","Export","0","W00","World","0","W00","World","H5","HS","true","28","Inorganic chemicals; organic and inorganic compounds of precious metals; of rare earth metals, of radio-active elements and of isotopes","2","false","C00","TOTAL CPC","0","0","TOTAL MOT","-1","N/A","0","false","-1","N/A","0","false","0","true","0","false","0","15204048627","15204048627","4","false","true",
"C","A","20200101","2020","52","2020","156","CHN","China","X","Export","398","KAZ","Kazakhstan","0","W00","World","H5","HS","true","28","Inorganic chemicals; organic and inorganic compounds of precious metals; of rare earth metals, of radio-active elements and of isotopes","2","false","C00","TOTAL CPC","0","0","TOTAL MOT","-1","N/A","0","false","-1","N/A","0","false","0","false","0","false","0","123354814","123354814","0","false","true",
"C","A","20200101","2020","52","2020","156","CHN","China","X","Export","0","W00","World","0","W00","World","H5","HS","true","72","Iron and steel","2","false","C00","TOTAL CPC","0","0","TOTAL MOT","-1","N/A","0","false","-1","N/A","0","false","0","true","0","false","0","33395752521","33395752521","4","false","true",
"C","A","20200101","2020","52","2020","156","CHN","China","X","Export","398","KAZ","Kazakhstan","0","W00","World","H5","HS","true","72","Iron and steel","2","false","C00","TOTAL CPC","0","0","TOTAL MOT","-1","N/A","0","false","-1","N/A","0","false","0","false","0","false","0","146861252","146861252","0","false","true",
"C","A","20200101","2020","52","2020","156","CHN","China","X","Export","0","W00","World","0","W00","World","H5","HS","true","74","Copper and articles thereof","2","false","C00","TOTAL CPC","0","0","TOTAL MOT","-1","N/A","0","false","-1","N/A","0","false","0","true","0","false","0","6172481291","6172481291","4","false","true",
"C","A","20200101","2020","52","2020","156","CHN","China","X","Export","398","KAZ","Kazakhstan","0","W00","World","H5","HS","true","74","Copper and articles thereof","2","false","C00","TOTAL CPC","0","0","TOTAL MOT","-1","N/A","0","false","-1","N/A","0","false","0","true","0","false","0","3890235","3890235","4","false","true",
"C","A","20200101","2020","52","2020","156","CHN","China","X","Export","0","W00","World","0","W00","World","H5","HS","true","78","Lead and articles thereof","2","false","C00","TOTAL CPC","0","0","TOTAL MOT","-1","N/A","0","false","-1","N/A","0","false","0","true","0","false","0","42163340","42163340","4","false","true",
"C","A","20200101","2020","52","2020","156","CHN","China","X","Export","398","KAZ","Kazakhstan","0","W00","World","H5","HS","true","78","Lead and articles thereof","2","false","C00","TOTAL CPC","0","0","TOTAL MOT","-1","N/A","0","false","-1","N/A","0","false","0","false","0","false","0","136809","136809","0","false","true",
"C","A","20200101","2020","52","2020","156","CHN","China","X","Export","0","W00","World","0","W00","World","H5","HS","true","79","Zinc and articles thereof","2","false","C00","TOTAL CPC","0","0","TOTAL MOT","-1","N/A","0","false","-1","N/A","0","false","0","true","0","false","0","242002669","242002669","4","false","true",
"C","A","20200101","2020","52","2020","156","CHN","China","X","Export","398","KAZ","Kazakhstan","0","W00","World","H5","HS","true","79","Zinc and articles thereof","2","false","C00","TOTAL CPC","0","0","TOTAL MOT","-1","N/A","0","false","-1","N/A","0","false","0","false","0","false","0","94003","94003","0","false","true",
"C","A","20200101","2020","52","2020","156","CHN","China","X","Export","0","W00","World","0","W00","World","H5","HS","true","81","Metals; n.e.c., cermets and articles thereof","2","false","C00","TOTAL CPC","0","0","TOTAL MOT","-1","N/A","0","false","-1","N/A","0","false","0","true","0","false","0","2735662922","2735662922","4","false","true",
"C","A","20200101","2020","52","2020","156","CHN","China","X","Export","398","KAZ","Kazakhstan","0","W00","World","H5","HS","true","81","Metals; n.e.c., cermets and articles thereof","2","false","C00","TOTAL CPC","0","0","TOTAL MOT","-1","N/A","0","false","-1","N/A","0","false","0","false","0","false","0","2516399","2516399","0","false","true",
"C","A","20200101","2020","52","2020","156","CHN","China","X","Export","0","W00","World","0","W00","World","H5","HS","true","TOTAL","All Commodities","0","false","C00","TOTAL CPC","0","0","TOTAL MOT","-1","N/A","0","false","-1","N/A","0","false","0","true","0","false","0","2589098353298","2589098353298","4","false","true",
"C","A","20200101","2020","52","2020","156","CHN","China","X","Export","398","KAZ","Kazakhstan","0","W00","World","H5","HS","true","TOTAL","All Commodities","0","false","C00","TOTAL CPC","0","0","TOTAL MOT","-1","N/A","0","false","-1","N/A","0","false","0","true","0","false","0","11703034898","11703034898","4","false","true",
"C","A","20210101","2021","52","2021","156","CHN","China","M","Import","0","W00","World","0","W00","World","H5","HS","true","26","Ores, slag and ash","2","false","C00","TOTAL CPC","0","0","TOTAL MOT","-1","N/A","0","false","-1","N/A","0","false","0","true","0","false","271682060092",,"271682060092","4","false","true",
"C","A","20210101","2021","52","2021","156","CHN","China","M","Import","398","KAZ","Kazakhstan","0","W00","World","H5","HS","true","26","Ores, slag and ash","2","false","C00","TOTAL CPC","0","0","TOTAL MOT","-1","N/A","0","false","-1","N/A","0","false","0","false","0","false","2512658272",,"2512658272","0","false","true",
"C","A","20210101","2021","52","2021","156","CHN","China","M","Import","0","W00","World","0","W00","World","H5","HS","true","28","Inorganic chemicals; organic and inorganic compounds of precious metals; of rare earth metals, of radio-active elements and of isotopes","2","false","C00","TOTAL CPC","0","0","TOTAL MOT","-1","N/A","0","false","-1","N/A","0","false","0","true","0","false","14897295402",,"14897295402","4","false","true",
"C","A","20210101","2021","52","2021","156","CHN","China","M","Import","398","KAZ","Kazakhstan","0","W00","World","H5","HS","true","28","Inorganic chemicals; organic and inorganic compounds of precious metals; of rare earth metals, of radio-active elements and of isotopes","2","false","C00","TOTAL CPC","0","0","TOTAL MOT","-1","N/A","0","false","-1","N/A","0","false","0","true","0","false","687480623",,"687480623","4","false","true",
"C","A","20210101","2021","52","2021","156","CHN","China","M","Import","0","W00","World","0","W00","World","H5","HS","true","72","Iron and steel","2","false","C00","TOTAL CPC","0","0","TOTAL MOT","-1","N/A","0","false","-1","N/A","0","false","0","true","0","false","43547900367",,"43547900367","4","false","true",
"C","A","20210101","2021","52","2021","156","CHN","China","M","Import","398","KAZ","Kazakhstan","0","W00","World","H5","HS","true","72","Iron and steel","2","false","C00","TOTAL CPC","0","0","TOTAL MOT","-1","N/A","0","false","-1","N/A","0","false","0","false","0","false","1038408393",,"1038408393","0","false","true",
"C","A","20210101","2021","52","2021","156","CHN","China","M","Import","0","W00","World","0","W00","World","H5","HS","true","74","Copper and articles thereof","2","false","C00","TOTAL CPC","0","0","TOTAL MOT","-1","N/A","0","false","-1","N/A","0","false","0","true","0","false","66113950791",,"66113950791","4","false","true",
"C","A","20210101","2021","52","2021","156","CHN","China","M","Import","398","KAZ","Kazakhstan","0","W00","World","H5","HS","true","74","Copper and articles thereof","2","false","C00","TOTAL CPC","0","0","TOTAL MOT","-1","N/A","0","false","-1","N/A","0","false","0","false","0","false","2451081037",,"2451081037","0","false","true",
"C","A","20210101","2021","52","2021","156","CHN","China","M","Import","0","W00","World","0","W00","World","H5","HS","true","78","Lead and articles thereof","2","false","C00","TOTAL CPC","0","0","TOTAL MOT","-1","N/A","0","false","-1","N/A","0","false","0","true","0","false","114569111",,"114569111","4","false","true",
"C","A","20210101","2021","52","2021","156","CHN","China","M","Import","398","KAZ","Kazakhstan","0","W00","World","H5","HS","true","78","Lead and articles thereof","2","false","C00","TOTAL CPC","0","0","TOTAL MOT","-1","N/A","0","false","-1","N/A","0","false","0","false","0","false","6150179",,"6150179","0","false","true",
"C","A","20210101","2021","52","2021","156","CHN","China","M","Import","0","W00","World","0","W00","World","H5","HS","true","79","Zinc and articles thereof","2","false","C00","TOTAL CPC","0","0","TOTAL MOT","-1","N/A","0","false","-1","N/A","0","false","0","true","0","false","1685127438",,"1685127438","4","false","true",
"C","A","20210101","2021","52","2021","156","CHN","China","M","Import","398","KAZ","Kazakhstan","0","W00","World","H5","HS","true","79","Zinc and articles thereof","2","false","C00","TOTAL CPC","0","0","TOTAL MOT","-1","N/A","0","false","-1","N/A","0","false","0","false","0","false","585787325",,"585787325","0","false","true",
"C","A","20210101","2021","52","2021","156","CHN","China","M","Import","0","W00","World","0","W00","World","H5","HS","true","81","Metals; n.e.c., cermets and articles thereof","2","false","C00","TOTAL CPC","0","0","TOTAL MOT","-1","N/A","0","false","-1","N/A","0","false","0","true","0","false","5931977456",,"5931977456","4","false","true",
"C","A","20210101","2021","52","2021","156","CHN","China","M","Import","398","KAZ","Kazakhstan","0","W00","World","H5","HS","true","81","Metals; n.e.c., cermets and articles thereof","2","false","C00","TOTAL CPC","0","0","TOTAL MOT","-1","N/A","0","false","-1","N/A","0","false","0","true","0","false","45483764",,"45483764","4","false","true",
"C","A","20210101","2021","52","2021","156","CHN","China","M","Import","0","W00","World","0","W00","World","H5","HS","true","TOTAL","All Commodities","0","false","C00","TOTAL CPC","0","0","TOTAL MOT","-1","N/A","0","false","-1","N/A","0","false","0","true","0","false","2679412024390",,"2679412024390","4","false","true",
"C","A","20210101","2021","52","2021","156","CHN","China","M","Import","398","KAZ","Kazakhstan","0","W00","World","H5","HS","true","TOTAL","All Commodities","0","false","C00","TOTAL CPC","0","0","TOTAL MOT","-1","N/A","0","false","-1","N/A","0","false","0","true","0","false","11290458339",,"11290458339","4","false","true",
"C","A","20210101","2021","52","2021","156","CHN","China","X","Export","0","W00","World","0","W00","World","H5","HS","true","26","Ores, slag and ash","2","false","C00","TOTAL CPC","0","0","TOTAL MOT","-1","N/A","0","false","-1","N/A","0","false","0","true","0","false",,"4539029751","4539029751","4","false","true",
"C","A","20210101","2021","52","2021","156","CHN","China","X","Export","398","KAZ","Kazakhstan","0","W00","World","H5","HS","true","26","Ores, slag and ash","2","false","C00","TOTAL CPC","0","0","TOTAL MOT","-1","N/A","0","false","-1","N/A","0","false","0","false","0","false",,"108456","108456","0","false","true",
"C","A","20210101","2021","52","2021","156","CHN","China","X","Export","0","W00","World","0","W00","World","H5","HS","true","28","Inorganic chemicals; organic and inorganic compounds of precious metals; of rare earth metals, of radio-active elements and of isotopes","2","false","C00","TOTAL CPC","0","0","TOTAL MOT","-1","N/A","0","false","-1","N/A","0","false","0","true","0","false",,"23140018958","23140018958","4","false","true",
"C","A","20210101","2021","52","2021","156","CHN","China","X","Export","398","KAZ","Kazakhstan","0","W00","World","H5","HS","true","28","Inorganic chemicals; organic and inorganic compounds of precious metals; of rare earth metals, of radio-active elements and of isotopes","2","false","C00","TOTAL CPC","0","0","TOTAL MOT","-1","N/A","0","false","-1","N/A","0","false","0","true","0","false",,"85391913","85391913","4","false","true",
"C","A","20210101","2021","52","2021","156","CHN","China","X","Export","0","W00","World","0","W00","World","H5","HS","true","72","Iron and steel","2","false","C00","TOTAL CPC","0","0","TOTAL MOT","-1","N/A","0","false","-1","N/A","0","false","0","true","0","false",,"65008616725","65008616725","4","false","true",
"C","A","20210101","2021","52","2021","156","CHN","China","X","Export","398","KAZ","Kazakhstan","0","W00","World","H5","HS","true","72","Iron and steel","2","false","C00","TOTAL CPC","0","0","TOTAL MOT","-1","N/A","0","false","-1","N/A","0","false","0","true","0","false",,"237896326","237896326","4","false","true",
"C","A","20210101","2021","52","2021","156","CHN","China","X","Export","0","W00","World","0","W00","World","H5","HS","true","74","Copper and articles thereof","2","false","C00","TOTAL CPC","0","0","TOTAL MOT","-1","N/A","0","false","-1","N/A","0","false","0","true","0","false",,"10445270967","10445270967","4","false","true",
"C","A","20210101","2021","52","2021","156","CHN","China","X","Export","398","KAZ","Kazakhstan","0","W00","World","H5","HS","true","74","Copper and articles thereof","2","false","C00","TOTAL CPC","0","0","TOTAL MOT","-1","N/A","0","false","-1","N/A","0","false","0","true","0","false",,"4436912","4436912","4","false","true",
"C","A","20210101","2021","52","2021","156","CHN","China","X","Export","0","W00","World","0","W00","World","H5","HS","true","78","Lead and articles thereof","2","false","C00","TOTAL CPC","0","0","TOTAL MOT","-1","N/A","0","false","-1","N/A","0","false","0","true","0","false",,"271436207","271436207","4","false","true",
"C","A","20210101","2021","52","2021","156","CHN","China","X","Export","398","KAZ","Kazakhstan","0","W00","World","H5","HS","true","78","Lead and articles thereof","2","false","C00","TOTAL CPC","0","0","TOTAL MOT","-1","N/A","0","false","-1","N/A","0","false","0","true","0","false",,"443804","443804","4","false","true",
"C","A","20210101","2021","52","2021","156","CHN","China","X","Export","0","W00","World","0","W00","World","H5","HS","true","79","Zinc and articles thereof","2","false","C00","TOTAL CPC","0","0","TOTAL MOT","-1","N/A","0","false","-1","N/A","0","false","0","true","0","false",,"215951326","215951326","4","false","true",
"C","A","20210101","2021","52","2021","156","CHN","China","X","Export","398","KAZ","Kazakhstan","0","W00","World","H5","HS","true","79","Zinc and articles thereof","2","false","C00","TOTAL CPC","0","0","TOTAL MOT","-1","N/A","0","false","-1","N/A","0","false","0","false","0","false",,"267091","267091","0","false","true",
"C","A","20210101","2021","52","2021","156","CHN","China","X","Export","0","W00","World","0","W00","World","H5","HS","true","81","Metals; n.e.c., cermets and articles thereof","2","false","C00","TOTAL CPC","0","0","TOTAL MOT","-1","N/A","0","false","-1","N/A","0","false","0","true","0","false",,"4810069462","4810069462","4","false","true",
"C","A","20210101","2021","52","2021","156","CHN","China","X","Export","398","KAZ","Kazakhstan","0","W00","World","H5","HS","true","81","Metals; n.e.c., cermets and articles thereof","2","false","C00","TOTAL CPC","0","0","TOTAL MOT","-1","N/A","0","false","-1","N/A","0","false","0","true","0","false",,"3330771","3330771","4","false","true",
"C","A","20210101","2021","52","2021","156","CHN","China","X","Export","0","W00","World","0","W00","World","H5","HS","true","TOTAL","All Commodities","0","false","C00","TOTAL CPC","0","0","TOTAL MOT","-1","N/A","0","false","-1","N/A","0","false","0","true","0","false",,"3316022133985","3316022133985","4","false","true",
"C","A","20210101","2021","52","2021","156","CHN","China","X","Export","398","KAZ","Kazakhstan","0","W00","World","H5","HS","true","TOTAL","All Commodities","0","false","C00","TOTAL CPC","0","0","TOTAL MOT","-1","N/A","0","false","-1","N/A","0","false","0","true","0","false",,"13755494094","13755494094","4","false","true",
"C","A","20220101","2022","52","2022","156","CHN","China","M","Import","0","W00","World","0","W00","World","H6","HS","true","26","Ores, slag and ash","2","false","C00","TOTAL CPC","0","0","TOTAL MOT","-1","N/A","0","false","-1","N/A","0","false","0","true","0","false","224716349586",,"224716349586","4","false","true",
"C","A","20220101","2022","52","2022","156","CHN","China","M","Import","398","KAZ","Kazakhstan","0","W00","World","H6","HS","true","26","Ores, slag and ash","2","false","C00","TOTAL CPC","0","0","TOTAL MOT","-1","N/A","0","false","-1","N/A","0","false","0","false","0","false","3898714187",,"3898714187","0","false","true",
"C","A","20220101","2022","52","2022","156","CHN","China","M","Import","0","W00","World","0","W00","World","H6","HS","true","28","Inorganic chemicals; organic and inorganic compounds of precious metals; of rare earth metals, of radio-active elements and of isotopes","2","false","C00","TOTAL CPC","0","0","TOTAL MOT","-1","N/A","0","false","-1","N/A","0","false","0","true","0","false","25924142660",,"25924142660","4","false","true",
"C","A","20220101","2022","52","2022","156","CHN","China","M","Import","398","KAZ","Kazakhstan","0","W00","World","H6","HS","true","28","Inorganic chemicals; organic and inorganic compounds of precious metals; of rare earth metals, of radio-active elements and of isotopes","2","false","C00","TOTAL CPC","0","0","TOTAL MOT","-1","N/A","0","false","-1","N/A","0","false","0","false","0","false","857773176",,"857773176","0","false","true",
"C","A","20220101","2022","52","2022","156","CHN","China","M","Import","0","W00","World","0","W00","World","H6","HS","true","72","Iron and steel","2","false","C00","TOTAL CPC","0","0","TOTAL MOT","-1","N/A","0","false","-1","N/A","0","false","0","true","0","false","43662135081",,"43662135081","4","false","true",
"C","A","20220101","2022","52","2022","156","CHN","China","M","Import","398","KAZ","Kazakhstan","0","W00","World","H6","HS","true","72","Iron and steel","2","false","C00","TOTAL CPC","0","0","TOTAL MOT","-1","N/A","0","false","-1","N/A","0","false","0","false","0","false","1008164524",,"1008164524","0","false","true",
"C","A","20220101","2022","52","2022","156","CHN","China","M","Import","0","W00","World","0","W00","World","H6","HS","true","74","Copper and articles thereof","2","false","C00","TOTAL CPC","0","0","TOTAL MOT","-1","N/A","0","false","-1","N/A","0","false","0","true","0","false","68705241463",,"68705241463","4","false","true",
"C","A","20220101","2022","52","2022","156","CHN","China","M","Import","398","KAZ","Kazakhstan","0","W00","World","H6","HS","true","74","Copper and articles thereof","2","false","C00","TOTAL CPC","0","0","TOTAL MOT","-1","N/A","0","false","-1","N/A","0","false","0","false","0","false","2388059890",,"2388059890","0","false","true",
"C","A","20220101","2022","52","2022","156","CHN","China","M","Import","0","W00","World","0","W00","World","H6","HS","true","78","Lead and articles thereof","2","false","C00","TOTAL CPC","0","0","TOTAL MOT","-1","N/A","0","false","-1","N/A","0","false","0","true","0","false","93442476",,"93442476","4","false","true",
"C","A","20220101","2022","52","2022","156","CHN","China","M","Import","398","KAZ","Kazakhstan","0","W00","World","H6","HS","true","78","Lead and articles thereof","2","false","C00","TOTAL CPC","0","0","TOTAL MOT","-1","N/A","0","false","-1","N/A","0","false","0","false","0","false","3631270",,"3631270","0","false","true",
"C","A","20220101","2022","52","2022","156","CHN","China","M","Import","0","W00","World","0","W00","World","H6","HS","true","79","Zinc and articles thereof","2","false","C00","TOTAL CPC","0","0","TOTAL MOT","-1","N/A","0","false","-1","N/A","0","false","0","true","0","false","603278476",,"603278476","4","false","true",
"C","A","20220101","2022","52","2022","156","CHN","China","M","Import","398","KAZ","Kazakhstan","0","W00","World","H6","HS","true","79","Zinc and articles thereof","2","false","C00","TOTAL CPC","0","0","TOTAL MOT","-1","N/A","0","false","-1","N/A","0","false","0","false","0","false","32944428",,"32944428","0","false","true",
"C","A","20220101","2022","52","2022","156","CHN","China","M","Import","0","W00","World","0","W00","World","H6","HS","true","81","Metals; n.e.c., cermets and articles thereof","2","false","C00","TOTAL CPC","0","0","TOTAL MOT","-1","N/A","0","false","-1","N/A","0","false","0","true","0","false","7354043123",,"7354043123","4","false","true",
"C","A","20220101","2022","52","2022","156","CHN","China","M","Import","398","KAZ","Kazakhstan","0","W00","World","H6","HS","true","81","Metals; n.e.c., cermets and articles thereof","2","false","C00","TOTAL CPC","0","0","TOTAL MOT","-1","N/A","0","false","-1","N/A","0","false","0","false","0","false","47778445",,"47778445","0","false","true",
"C","A","20220101","2022","52","2022","156","CHN","China","M","Import","0","W00","World","0","W00","World","H6","HS","true","TOTAL","All Commodities","0","false","C00","TOTAL CPC","0","0","TOTAL MOT","-1","N/A","0","false","-1","N/A","0","false","0","true","0","false","2715997517261",,"2715997517261","4","false","true",
"C","A","20220101","2022","52","2022","156","CHN","China","M","Import","398","KAZ","Kazakhstan","0","W00","World","H6","HS","true","TOTAL","All Commodities","0","false","C00","TOTAL CPC","0","0","TOTAL MOT","-1","N/A","0","false","-1","N/A","0","false","0","true","0","false","14819246516",,"14819246516","4","false","true",
"C","A","20220101","2022","52","2022","156","CHN","China","X","Export","0","W00","World","0","W00","World","H6","HS","true","26","Ores, slag and ash","2","false","C00","TOTAL CPC","0","0","TOTAL MOT","-1","N/A","0","false","-1","N/A","0","false","0","true","0","false",,"3938161586","3938161586","4","false","true",
"C","A","20220101","2022","52","2022","156","CHN","China","X","Export","398","KAZ","Kazakhstan","0","W00","World","H6","HS","true","26","Ores, slag and ash","2","false","C00","TOTAL CPC","0","0","TOTAL MOT","-1","N/A","0","false","-1","N/A","0","false","0","false","0","false",,"768954","768954","0","false","true",
"C","A","20220101","2022","52","2022","156","CHN","China","X","Export","0","W00","World","0","W00","World","H6","HS","true","28","Inorganic chemicals; organic and inorganic compounds of precious metals; of rare earth metals, of radio-active elements and of isotopes","2","false","C00","TOTAL CPC","0","0","TOTAL MOT","-1","N/A","0","false","-1","N/A","0","false","0","true","0","false",,"39407462291","39407462291","4","false","true",
"C","A","20220101","2022","52","2022","156","CHN","China","X","Export","398","KAZ","Kazakhstan","0","W00","World","H6","HS","true","28","Inorganic chemicals; organic and inorganic compounds of precious metals; of rare earth metals, of radio-active elements and of isotopes","2","false","C00","TOTAL CPC","0","0","TOTAL MOT","-1","N/A","0","false","-1","N/A","0","false","0","false","0","false",,"101055980","101055980","0","false","true",
"C","A","20220101","2022","52","2022","156","CHN","China","X","Export","0","W00","World","0","W00","World","H6","HS","true","72","Iron and steel","2","false","C00","TOTAL CPC","0","0","TOTAL MOT","-1","N/A","0","false","-1","N/A","0","false","0","true","0","false",,"77264814328","77264814328","4","false","true",
"C","A","20220101","2022","52","2022","156","CHN","China","X","Export","398","KAZ","Kazakhstan","0","W00","World","H6","HS","true","72","Iron and steel","2","false","C00","TOTAL CPC","0","0","TOTAL MOT","-1","N/A","0","false","-1","N/A","0","false","0","true","0","false",,"121745072","121745072","4","false","true",
"C","A","20220101","2022","52","2022","156","CHN","China","X","Export","0","W00","World","0","W00","World","H6","HS","true","74","Copper and articles thereof","2","false","C00","TOTAL CPC","0","0","TOTAL MOT","-1","N/A","0","false","-1","N/A","0","false","0","true","0","false",,"10679716282","10679716282","4","false","true",
"C","A","20220101","2022","52","2022","156","CHN","China","X","Export","398","KAZ","Kazakhstan","0","W00","World","H6","HS","true","74","Copper and articles thereof","2","false","C00","TOTAL CPC","0","0","TOTAL MOT","-1","N/A","0","false","-1","N/A","0","false","0","true","0","false",,"5410556","5410556","4","false","true",
"C","A","20220101","2022","52","2022","156","CHN","China","X","Export","0","W00","World","0","W00","World","H6","HS","true","78","Lead and articles thereof","2","false","C00","TOTAL CPC","0","0","TOTAL MOT","-1","N/A","0","false","-1","N/A","0","false","0","true","0","false",,"313445771","313445771","4","false","true",
"C","A","20220101","2022","52","2022","156","CHN","China","X","Export","398","KAZ","Kazakhstan","0","W00","World","H6","HS","true","78","Lead and articles thereof","2","false","C00","TOTAL CPC","0","0","TOTAL MOT","-1","N/A","0","false","-1","N/A","0","false","0","false","0","false",,"178907","178907","0","false","true",
"C","A","20220101","2022","52","2022","156","CHN","China","X","Export","0","W00","World","0","W00","World","H6","HS","true","79","Zinc and articles thereof","2","false","C00","TOTAL CPC","0","0","TOTAL MOT","-1","N/A","0","false","-1","N/A","0","false","0","true","0","false",,"490395999","490395999","4","false","true",
"C","A","20220101","2022","52","2022","156","CHN","China","X","Export","398","KAZ","Kazakhstan","0","W00","World","H6","HS","true","79","Zinc and articles thereof","2","false","C00","TOTAL CPC","0","0","TOTAL MOT","-1","N/A","0","false","-1","N/A","0","false","0","true","0","false",,"127099","127099","4","false","true",
"C","A","20220101","2022","52","2022","156","CHN","China","X","Export","0","W00","World","0","W00","World","H6","HS","true","81","Metals; n.e.c., cermets and articles thereof","2","false","C00","TOTAL CPC","0","0","TOTAL MOT","-1","N/A","0","false","-1","N/A","0","false","0","true","0","false",,"6588383228","6588383228","4","false","true",
"C","A","20220101","2022","52","2022","156","CHN","China","X","Export","398","KAZ","Kazakhstan","0","W00","World","H6","HS","true","81","Metals; n.e.c., cermets and articles thereof","2","false","C00","TOTAL CPC","0","0","TOTAL MOT","-1","N/A","0","false","-1","N/A","0","false","0","true","0","false",,"13723272","13723272","4","false","true",
"C","A","20220101","2022","52","2022","156","CHN","China","X","Export","0","W00","World","0","W00","World","H6","HS","true","TOTAL","All Commodities","0","false","C00","TOTAL CPC","0","0","TOTAL MOT","-1","N/A","0","false","-1","N/A","0","false","0","true","0","false",,"3593601435602","3593601435602","4","false","true",
"C","A","20220101","2022","52","2022","156","CHN","China","X","Export","398","KAZ","Kazakhstan","0","W00","World","H6","HS","true","TOTAL","All Commodities","0","false","C00","TOTAL CPC","0","0","TOTAL MOT","-1","N/A","0","false","-1","N/A","0","false","0","true","0","false",,"16355236459","16355236459","4","false","true",
"C","A","20230101","2023","52","2023","156","CHN","China","M","Import","0","W00","World","0","W00","World","H6","HS","true","26","Ores, slag and ash","2","false","C00","TOTAL CPC","0","0","TOTAL MOT","-1","N/A","0","false","-1","N/A","0","false","0","true","0","false","237830552040",,"237830552040","4","false","true",
"C","A","20230101","2023","52","2023","156","CHN","China","M","Import","398","KAZ","Kazakhstan","0","W00","World","H6","HS","true","26","Ores, slag and ash","2","false","C00","TOTAL CPC","0","0","TOTAL MOT","-1","N/A","0","false","-1","N/A","0","false","0","false","0","false","4078480049",,"4078480049","0","false","true",
"C","A","20230101","2023","52","2023","156","CHN","China","M","Import","0","W00","World","0","W00","World","H6","HS","true","28","Inorganic chemicals; organic and inorganic compounds of precious metals; of rare earth metals, of radio-active elements and of isotopes","2","false","C00","TOTAL CPC","0","0","TOTAL MOT","-1","N/A","0","false","-1","N/A","0","false","0","true","0","false","26119352037",,"26119352037","4","false","true",
"C","A","20230101","2023","52","2023","156","CHN","China","M","Import","398","KAZ","Kazakhstan","0","W00","World","H6","HS","true","28","Inorganic chemicals; organic and inorganic compounds of precious metals; of rare earth metals, of radio-active elements and of isotopes","2","false","C00","TOTAL CPC","0","0","TOTAL MOT","-1","N/A","0","false","-1","N/A","0","false","0","true","0","false","1394732637",,"1394732637","4","false","true",
"C","A","20230101","2023","52","2023","156","CHN","China","M","Import","0","W00","World","0","W00","World","H6","HS","true","72","Iron and steel","2","false","C00","TOTAL CPC","0","0","TOTAL MOT","-1","N/A","0","false","-1","N/A","0","false","0","true","0","false","36783906579",,"36783906579","4","false","true",
"C","A","20230101","2023","52","2023","156","CHN","China","M","Import","398","KAZ","Kazakhstan","0","W00","World","H6","HS","true","72","Iron and steel","2","false","C00","TOTAL CPC","0","0","TOTAL MOT","-1","N/A","0","false","-1","N/A","0","false","0","false","0","false","1096150419",,"1096150419","0","false","true",
"C","A","20230101","2023","52","2023","156","CHN","China","M","Import","0","W00","World","0","W00","World","H6","HS","true","74","Copper and articles thereof","2","false","C00","TOTAL CPC","0","0","TOTAL MOT","-1","N/A","0","false","-1","N/A","0","false","0","true","0","false","62744263338",,"62744263338","4","false","true",
"C","A","20230101","2023","52","2023","156","CHN","China","M","Import","398","KAZ","Kazakhstan","0","W00","World","H6","HS","true","74","Copper and articles thereof","2","false","C00","TOTAL CPC","0","0","TOTAL MOT","-1","N/A","0","false","-1","N/A","0","false","0","false","0","false","2159760915",,"2159760915","0","false","true",
"C","A","20230101","2023","52","2023","156","CHN","China","M","Import","0","W00","World","0","W00","World","H6","HS","true","78","Lead and articles thereof","2","false","C00","TOTAL CPC","0","0","TOTAL MOT","-1","N/A","0","false","-1","N/A","0","false","0","true","0","false","107142223",,"107142223","4","false","true",
"C","A","20230101","2023","52","2023","156","CHN","China","M","Import","398","KAZ","Kazakhstan","0","W00","World","H6","HS","true","78","Lead and articles thereof","2","false","C00","TOTAL CPC","0","0","TOTAL MOT","-1","N/A","0","false","-1","N/A","0","false","0","false","0","false","4551139",,"4551139","0","false","true",
"C","A","20230101","2023","52","2023","156","CHN","China","M","Import","0","W00","World","0","W00","World","H6","HS","true","79","Zinc and articles thereof","2","false","C00","TOTAL CPC","0","0","TOTAL MOT","-1","N/A","0","false","-1","N/A","0","false","0","true","0","false","1194775980",,"1194775980","4","false","true",
"C","A","20230101","2023","52","2023","156","CHN","China","M","Import","398","KAZ","Kazakhstan","0","W00","World","H6","HS","true","79","Zinc and articles thereof","2","false","C00","TOTAL CPC","0","0","TOTAL MOT","-1","N/A","0","false","-1","N/A","0","false","0","false","0","false","315151178",,"315151178","0","false","true",
"C","A","20230101","2023","52","2023","156","CHN","China","M","Import","0","W00","World","0","W00","World","H6","HS","true","81","Metals; n.e.c., cermets and articles thereof","2","false","C00","TOTAL CPC","0","0","TOTAL MOT","-1","N/A","0","false","-1","N/A","0","false","0","true","0","false","4044755773",,"4044755773","4","false","true",
"C","A","20230101","2023","52","2023","156","CHN","China","M","Import","398","KAZ","Kazakhstan","0","W00","World","H6","HS","true","81","Metals; n.e.c., cermets and articles thereof","2","false","C00","TOTAL CPC","0","0","TOTAL MOT","-1","N/A","0","false","-1","N/A","0","false","0","true","0","false","20563315",,"20563315","4","false","true",
"C","A","20230101","2023","52","2023","156","CHN","China","M","Import","0","W00","World","0","W00","World","H6","HS","true","TOTAL","All Commodities","0","false","C00","TOTAL CPC","0","0","TOTAL MOT","-1","N/A","0","false","-1","N/A","0","false","0","true","0","false","2556763018595",,"2556763018595","4","false","true",
"C","A","20230101","2023","52","2023","156","CHN","China","M","Import","398","KAZ","Kazakhstan","0","W00","World","H6","HS","true","TOTAL","All Commodities","0","false","C00","TOTAL CPC","0","0","TOTAL MOT","-1","N/A","0","false","-1","N/A","0","false","0","true","0","false","16357882073",,"16357882073","4","false","true",
"C","A","20230101","2023","52","2023","156","CHN","China","X","Export","0","W00","World","0","W00","World","H6","HS","true","26","Ores, slag and ash","2","false","C00","TOTAL CPC","0","0","TOTAL MOT","-1","N/A","0","false","-1","N/A","0","false","0","true","0","false",,"3613915811","3613915811","4","false","true",
"C","A","20230101","2023","52","2023","156","CHN","China","X","Export","398","KAZ","Kazakhstan","0","W00","World","H6","HS","true","26","Ores, slag and ash","2","false","C00","TOTAL CPC","0","0","TOTAL MOT","-1","N/A","0","false","-1","N/A","0","false","0","false","0","false",,"550974","550974","0","false","true",
"C","A","20230101","2023","52","2023","156","CHN","China","X","Export","0","W00","World","0","W00","World","H6","HS","true","28","Inorganic chemicals; organic and inorganic compounds of precious metals; of rare earth metals, of radio-active elements and of isotopes","2","false","C00","TOTAL CPC","0","0","TOTAL MOT","-1","N/A","0","false","-1","N/A","0","false","0","true","0","false",,"34279801731","34279801731","4","false","true",
"C","A","20230101","2023","52","2023","156","CHN","China","X","Export","398","KAZ","Kazakhstan","0","W00","World","H6","HS","true","28","Inorganic chemicals; organic and inorganic compounds of precious metals; of rare earth metals, of radio-active elements and of isotopes","2","false","C00","TOTAL CPC","0","0","TOTAL MOT","-1","N/A","0","false","-1","N/A","0","false","0","true","0","false",,"190228367","190228367","4","false","true",
"C","A","20230101","2023","52","2023","156","CHN","China","X","Export","0","W00","World","0","W00","World","H6","HS","true","72","Iron and steel","2","false","C00","TOTAL CPC","0","0","TOTAL MOT","-1","N/A","0","false","-1","N/A","0","false","0","true","0","false",,"68990038763","68990038763","4","false","true",
"C","A","20230101","2023","52","2023","156","CHN","China","X","Export","398","KAZ","Kazakhstan","0","W00","World","H6","HS","true","72","Iron and steel","2","false","C00","TOTAL CPC","0","0","TOTAL MOT","-1","N/A","0","false","-1","N/A","0","false","0","false","0","false",,"164301620","164301620","0","false","true",
"C","A","20230101","2023","52","2023","156","CHN","China","X","Export","0","W00","World","0","W00","World","H6","HS","true","74","Copper and articles thereof","2","false","C00","TOTAL CPC","0","0","TOTAL MOT","-1","N/A","0","false","-1","N/A","0","false","0","true","0","false",,"10046316857","10046316857","4","false","true",
"C","A","20230101","2023","52","2023","156","CHN","China","X","Export","398","KAZ","Kazakhstan","0","W00","World","H6","HS","true","74","Copper and articles thereof","2","false","C00","TOTAL CPC","0","0","TOTAL MOT","-1","N/A","0","false","-1","N/A","0","false","0","true","0","false",,"7170472","7170472","4","false","true",
"C","A","20230101","2023","52","2023","156","CHN","China","X","Export","0","W00","World","0","W00","World","H6","HS","true","78","Lead and articles thereof","2","false","C00","TOTAL CPC","0","0","TOTAL MOT","-1","N/A","0","false","-1","N/A","0","false","0","true","0","false",,"471892638","471892638","4","false","true",
"C","A","20230101","2023","52","2023","156","CHN","China","X","Export","398","KAZ","Kazakhstan","0","W00","World","H6","HS","true","78","Lead and articles thereof","2","false","C00","TOTAL CPC","0","0","TOTAL MOT","-1","N/A","0","false","-1","N/A","0","false","0","false","0","false",,"110111","110111","0","false","true",
"C","A","20230101","2023","52","2023","156","CHN","China","X","Export","0","W00","World","0","W00","World","H6","HS","true","79","Zinc and articles thereof","2","false","C00","TOTAL CPC","0","0","TOTAL MOT","-1","N/A","0","false","-1","N/A","0","false","0","true","0","false",,"176387783","176387783","4","false","true",
"C","A","20230101","2023","52","2023","156","CHN","China","X","Export","398","KAZ","Kazakhstan","0","W00","World","H6","HS","true","79","Zinc and articles thereof","2","false","C00","TOTAL CPC","0","0","TOTAL MOT","-1","N/A","0","false","-1","N/A","0","false","0","false","0","false",,"166556","166556","0","false","true",
"C","A","20230101","2023","52","2023","156","CHN","China","X","Export","0","W00","World","0","W00","World","H6","HS","true","81","Metals; n.e.c., cermets and articles thereof","2","false","C00","TOTAL CPC","0","0","TOTAL MOT","-1","N/A","0","false","-1","N/A","0","false","0","true","0","false",,"4905036505","4905036505","4","false","true",
"C","A","20230101","2023","52","2023","156","CHN","China","X","Export","398","KAZ","Kazakhstan","0","W00","World","H6","HS","true","81","Metals; n.e.c., cermets and articles thereof","2","false","C00","TOTAL CPC","0","0","TOTAL MOT","-1","N/A","0","false","-1","N/A","0","false","0","true","0","false",,"11345324","11345324","4","false","true",
"C","A","20230101","2023","52","2023","156","CHN","China","X","Export","0","W00","World","0","W00","World","H6","HS","true","TOTAL","All Commodities","0","false","C00","TOTAL CPC","0","0","TOTAL MOT","-1","N/A","0","false","-1","N/A","0","false","0","true","0","false",,"3379747834884","3379747834884","4","false","true",
"C","A","20230101","2023","52","2023","156","CHN","China","X","Export","398","KAZ","Kazakhstan","0","W00","World","H6","HS","true","TOTAL","All Commodities","0","false","C00","TOTAL CPC","0","0","TOTAL MOT","-1","N/A","0","false","-1","N/A","0","false","0","true","0","false",,"24696909997","24696909997","4","false","true",
"C","A","20240101","2024","52","2024","156","CHN","China","M","Import","0","W00","World","0","W00","World","H6","HS","true","26","Ores, slag and ash","2","false","C00","TOTAL CPC","0","0","TOTAL MOT","-1","N/A","0","false","-1","N/A","0","false",,"false","0","false","251057593323",,"251057593323","0","false","true",
"C","A","20240101","2024","52","2024","156","CHN","China","M","Import","398","KAZ","Kazakhstan","0","W00","World","H6","HS","true","26","Ores, slag and ash","2","false","C00","TOTAL CPC","0","0","TOTAL MOT","-1","N/A","0","false","-1","N/A","0","false","0","false","0","false","4548351248",,"4548351248","0","false","true",
"C","A","20240101","2024","52","2024","156","CHN","China","M","Import","0","W00","World","0","W00","World","H6","HS","true","28","Inorganic chemicals; organic and inorganic compounds of precious metals; of rare earth metals, of radio-active elements and of isotopes","2","false","C00","TOTAL CPC","0","0","TOTAL MOT","-1","N/A","0","false","-1","N/A","0","false","0","true","0","false","19151724018",,"19151724018","4","false","true",
"C","A","20240101","2024","52","2024","156","CHN","China","M","Import","398","KAZ","Kazakhstan","0","W00","World","H6","HS","true","28","Inorganic chemicals; organic and inorganic compounds of precious metals; of rare earth metals, of radio-active elements and of isotopes","2","false","C00","TOTAL CPC","0","0","TOTAL MOT","-1","N/A","0","false","-1","N/A","0","false","0","true","0","false","1705848717",,"1705848717","4","false","true",
"C","A","20240101","2024","52","2024","156","CHN","China","M","Import","0","W00","World","0","W00","World","H6","HS","true","72","Iron and steel","2","false","C00","TOTAL CPC","0","0","TOTAL MOT","-1","N/A","0","false","-1","N/A","0","false","0","true","0","false","31920379900",,"31920379900","4","false","true",
"C","A","20240101","2024","52","2024","156","CHN","China","M","Import","398","KAZ","Kazakhstan","0","W00","World","H6","HS","true","72","Iron and steel","2","false","C00","TOTAL CPC","0","0","TOTAL MOT","-1","N/A","0","false","-1","N/A","0","false","0","false","0","false","1790268456",,"1790268456","0","false","true",
"C","A","20240101","2024","52","2024","156","CHN","China","M","Import","0","W00","World","0","W00","World","H6","HS","true","74","Copper and articles thereof","2","false","C00","TOTAL CPC","0","0","TOTAL MOT","-1","N/A","0","false","-1","N/A","0","false","0","true","0","false","72567053943",,"72567053943","4","false","true",
"C","A","20240101","2024","52","2024","156","CHN","China","M","Import","398","KAZ","Kazakhstan","0","W00","World","H6","HS","true","74","Copper and articles thereof","2","false","C00","TOTAL CPC","0","0","TOTAL MOT","-1","N/A","0","false","-1","N/A","0","false","0","false","0","false","2742092357",,"2742092357","0","false","true",
"C","A","20240101","2024","52","2024","156","CHN","China","M","Import","0","W00","World","0","W00","World","H6","HS","true","78","Lead and articles thereof","2","false","C00","TOTAL CPC","0","0","TOTAL MOT","-1","N/A","0","false","-1","N/A","0","false","0","true","0","false","469023165",,"469023165","4","false","true",
"C","A","20240101","2024","52","2024","156","CHN","China","M","Import","398","KAZ","Kazakhstan","0","W00","World","H6","HS","true","78","Lead and articles thereof","2","false","C00","TOTAL CPC","0","0","TOTAL MOT","-1","N/A","0","false","-1","N/A","0","false","0","false","0","false","74490574",,"74490574","0","false","true",
"C","A","20240101","2024","52","2024","156","CHN","China","M","Import","0","W00","World","0","W00","World","H6","HS","true","79","Zinc and articles thereof","2","false","C00","TOTAL CPC","0","0","TOTAL MOT","-1","N/A","0","false","-1","N/A","0","false","0","true","0","false","1468125917",,"1468125917","4","false","true",
"C","A","20240101","2024","52","2024","156","CHN","China","M","Import","398","KAZ","Kazakhstan","0","W00","World","H6","HS","true","79","Zinc and articles thereof","2","false","C00","TOTAL CPC","0","0","TOTAL MOT","-1","N/A","0","false","-1","N/A","0","false","0","false","0","false","412567708",,"412567708","0","false","true",
"C","A","20240101","2024","52","2024","156","CHN","China","M","Import","0","W00","World","0","W00","World","H6","HS","true","81","Metals; n.e.c., cermets and articles thereof","2","false","C00","TOTAL CPC","0","0","TOTAL MOT","-1","N/A","0","false","-1","N/A","0","false","0","true","0","false","4708923006",,"4708923006","4","false","true",
"C","A","20240101","2024","52","2024","156","CHN","China","M","Import","398","KAZ","Kazakhstan","0","W00","World","H6","HS","true","81","Metals; n.e.c., cermets and articles thereof","2","false","C00","TOTAL CPC","0","0","TOTAL MOT","-1","N/A","0","false","-1","N/A","0","false","0","false","0","false","26782014",,"26782014","0","false","true",
"C","A","20240101","2024","52","2024","156","CHN","China","M","Import","0","W00","World","0","W00","World","H6","HS","true","TOTAL","All Commodities","0","false","C00","TOTAL CPC","0","0","TOTAL MOT","-1","N/A","0","false","-1","N/A","0","false","0","true","0","false","2585134598079",,"2585134598079","4","false","true",
"C","A","20240101","2024","52","2024","156","CHN","China","M","Import","398","KAZ","Kazakhstan","0","W00","World","H6","HS","true","TOTAL","All Commodities","0","false","C00","TOTAL CPC","0","0","TOTAL MOT","-1","N/A","0","false","-1","N/A","0","false","0","true","0","false","15911621031",,"15911621031","4","false","true",
"C","A","20240101","2024","52","2024","156","CHN","China","X","Export","0","W00","World","0","W00","World","H6","HS","true","26","Ores, slag and ash","2","false","C00","TOTAL CPC","0","0","TOTAL MOT","-1","N/A","0","false","-1","N/A","0","false","0","true","0","false",,"3955891846","3955891846","4","false","true",
"C","A","20240101","2024","52","2024","156","CHN","China","X","Export","398","KAZ","Kazakhstan","0","W00","World","H6","HS","true","26","Ores, slag and ash","2","false","C00","TOTAL CPC","0","0","TOTAL MOT","-1","N/A","0","false","-1","N/A","0","false","0","false","0","false",,"86723","86723","0","false","true",
"C","A","20240101","2024","52","2024","156","CHN","China","X","Export","0","W00","World","0","W00","World","H6","HS","true","28","Inorganic chemicals; organic and inorganic compounds of precious metals; of rare earth metals, of radio-active elements and of isotopes","2","false","C00","TOTAL CPC","0","0","TOTAL MOT","-1","N/A","0","false","-1","N/A","0","false","0","true","0","false",,"26502247549","26502247549","4","false","true",
"C","A","20240101","2024","52","2024","156","CHN","China","X","Export","398","KAZ","Kazakhstan","0","W00","World","H6","HS","true","28","Inorganic chemicals; organic and inorganic compounds of precious metals; of rare earth metals, of radio-active elements and of isotopes","2","false","C00","TOTAL CPC","0","0","TOTAL MOT","-1","N/A","0","false","-1","N/A","0","false","0","true","0","false",,"76161183","76161183","4","false","true",
"C","A","20240101","2024","52","2024","156","CHN","China","X","Export","0","W00","World","0","W00","World","H6","HS","true","72","Iron and steel","2","false","C00","TOTAL CPC","0","0","TOTAL MOT","-1","N/A","0","false","-1","N/A","0","false","0","true","0","false",,"70749286150","70749286150","4","false","true",
"C","A","20240101","2024","52","2024","156","CHN","China","X","Export","398","KAZ","Kazakhstan","0","W00","World","H6","HS","true","72","Iron and steel","2","false","C00","TOTAL CPC","0","0","TOTAL MOT","-1","N/A","0","false","-1","N/A","0","false","0","true","0","false",,"235461338","235461338","4","false","true",
"C","A","20240101","2024","52","2024","156","CHN","China","X","Export","0","W00","World","0","W00","World","H6","HS","true","74","Copper and articles thereof","2","false","C00","TOTAL CPC","0","0","TOTAL MOT","-1","N/A","0","false","-1","N/A","0","false","0","true","0","false",,"14011568619","14011568619","4","false","true",
"C","A","20240101","2024","52","2024","156","CHN","China","X","Export","398","KAZ","Kazakhstan","0","W00","World","H6","HS","true","74","Copper and articles thereof","2","false","C00","TOTAL CPC","0","0","TOTAL MOT","-1","N/A","0","false","-1","N/A","0","false","0","true","0","false",,"10721182","10721182","4","false","true",
"C","A","20240101","2024","52","2024","156","CHN","China","X","Export","0","W00","World","0","W00","World","H6","HS","true","78","Lead and articles thereof","2","false","C00","TOTAL CPC","0","0","TOTAL MOT","-1","N/A","0","false","-1","N/A","0","false","0","true","0","false",,"113043026","113043026","4","false","true",
"C","A","20240101","2024","52","2024","156","CHN","China","X","Export","398","KAZ","Kazakhstan","0","W00","World","H6","HS","true","78","Lead and articles thereof","2","false","C00","TOTAL CPC","0","0","TOTAL MOT","-1","N/A","0","false","-1","N/A","0","false","0","false","0","false",,"199805","199805","0","false","true",
"C","A","20240101","2024","52","2024","156","CHN","China","X","Export","0","W00","World","0","W00","World","H6","HS","true","79","Zinc and articles thereof","2","false","C00","TOTAL CPC","0","0","TOTAL MOT","-1","N/A","0","false","-1","N/A","0","false","0","true","0","false",,"204783030","204783030","4","false","true",
"C","A","20240101","2024","52","2024","156","CHN","China","X","Export","398","KAZ","Kazakhstan","0","W00","World","H6","HS","true","79","Zinc and articles thereof","2","false","C00","TOTAL CPC","0","0","TOTAL MOT","-1","N/A","0","false","-1","N/A","0","false","0","false","0","false",,"28124","28124","0","false","true",
"C","A","20240101","2024","52","2024","156","CHN","China","X","Export","0","W00","World","0","W00","World","H6","HS","true","81","Metals; n.e.c., cermets and articles thereof","2","false","C00","TOTAL CPC","0","0","TOTAL MOT","-1","N/A","0","false","-1","N/A","0","false","0","true","0","false",,"5303994184","5303994184","4","false","true",
"C","A","20240101","2024","52","2024","156","CHN","China","X","Export","398","KAZ","Kazakhstan","0","W00","World","H6","HS","true","81","Metals; n.e.c., cermets and articles thereof","2","false","C00","TOTAL CPC","0","0","TOTAL MOT","-1","N/A","0","false","-1","N/A","0","false","0","true","0","false",,"11768727","11768727","4","false","true",
"C","A","20240101","2024","52","2024","156","CHN","China","X","Export","0","W00","World","0","W00","World","H6","HS","true","TOTAL","All Commodities","0","false","C00","TOTAL CPC","0","0","TOTAL MOT","-1","N/A","0","false","-1","N/A","0","false","0","true","0","false",,"3576543293842","3576543293842","4","false","true",
"C","A","20240101","2024","52","2024","156","CHN","China","X","Export","398","KAZ","Kazakhstan","0","W00","World","H6","HS","true","TOTAL","All Commodities","0","false","C00","TOTAL CPC","0","0","TOTAL MOT","-1","N/A","0","false","-1","N/A","0","false","0","true","0","false",,"27954331004","27954331004","4","false","true",
