typeCode,freqCode,refPeriodId,refYear,refMonth,period,reporterCode,reporterISO,reporterDesc,flowCode,flowDesc,partnerCode,partnerISO,partnerDesc,partner2Code,partner2ISO,partner2Desc,classificationCode,classificationSearchCode,isOriginalClassification,cmdCode,cmdDesc,aggrLevel,isLeaf,customsCode,customsDesc,mosCode,motCode,motDesc,qtyUnitCode,qtyUnitAbbr,qty,isQtyEstimated,altQtyUnitCode,altQtyUnitAbbr,altQty,isAltQtyEstimated,netWgt,isNetWgtEstimated,grossWgt,isGrossWgtEstimated,cifvalue,fobvalue,primaryValue,legacyEstimationFlag,isReported,isAggregate
"C","A","20140101","2014","52","2014","398","KAZ","Kazakhstan","M","Import","0","W00","World","0","W00","World","H4","HS","true","26","Ores, slag and ash","2","false","C00","TOTAL CPC","0","0","TOTAL MOT","-1","N/A",,"false","-1","N/A",,"false",,"false",,"false","532735760",,"532735760","0","true","false",
"C","A","20140101","2014","52","2014","398","KAZ","Kazakhstan","M","Import","156","CHN","China","0","W00","World","H4","HS","true","26","Ores, slag and ash","2","false","C00","TOTAL CPC","0","0","TOTAL MOT","-1","N/A",,"false","-1","N/A",,"false",,"false",,"false","26776",,"26776","0","true","false",
"C","A","20140101","2014","52","2014","398","KAZ","Kazakhstan","M","Import","0","W00","World","0","W00","World","H4","HS","true","28","Inorganic chemicals; organic and inorganic compounds of precious metals; of rare earth metals, of radio-active elements and of isotopes","2","false","C00","TOTAL CPC","0","0","TOTAL MOT","-1","N/A",,"false","-1","N/A",,"false",,"false",,"false","380335852",,"380335852","0","true","false",
"C","A","20140101","2014","52","2014","398","KAZ","Kazakhstan","M","Import","156","CHN","China","0","W00","World","H4","HS","true","28","Inorganic chemicals; organic and inorganic compounds of precious metals; of rare earth metals, of radio-active elements and of isotopes","2","false","C00","TOTAL CPC","0","0","TOTAL MOT","-1","N/A",,"false","-1","N/A",,"false",,"false",,"false","57416551",,"57416551","0","true","false",
"C","A","20140101","2014","52","2014","398","KAZ","Kazakhstan","M","Import","0","W00","World","0","W00","World","H4","HS","true","72","Iron and steel","2","false","C00","TOTAL CPC","0","0","TOTAL MOT","-1","N/A",,"false","-1","N/A",,"false",,"false",,"false","1049460635",,"1049460635","0","true","false",
"C","A","20140101","2014","52","2014","398","KAZ","Kazakhstan","M","Import","156","CHN","China","0","W00","World","H4","HS","true","72","Iron and steel","2","false","C00","TOTAL CPC","0","0","TOTAL MOT","-1","N/A",,"false","-1","N/A",,"false",,"false",,"false","118559561",,"118559561","0","true","false",
"C","A","20140101","2014","52","2014","398","KAZ","Kazakhstan","M","Import","0","W00","World","0","W00","World","H4","HS","true","74","Copper and articles thereof","2","false","C00","TOTAL CPC","0","0","TOTAL MOT","-1","N/A",,"false","-1","N/A",,"false",,"false",,"false","51520691",,"51520691","0","true","false",
"C","A","20140101","2014","52","2014","398","KAZ","Kazakhstan","M","Import","156","CHN","China","0","W00","World","H4","HS","true","74","Copper and articles thereof","2","false","C00","TOTAL CPC","0","0","TOTAL MOT","-1","N/A",,"false","-1","N/A",,"false",,"false",,"false","9772002",,"9772002","0","true","false",
"C","A","20140101","2014","52","2014","398","KAZ","Kazakhstan","M","Import","0","W00","World","0","W00","World","H4","HS","true","78","Lead and articles thereof","2","false","C00","TOTAL CPC","0","0","TOTAL MOT","-1","N/A",,"false","-1","N/A",,"false",,"false",,"false","2987543",,"2987543","0","true","false",
"C","A","20140101","2014","52","2014","398","KAZ","Kazakhstan","M","Import","156","CHN","China","0","W00","World","H4","HS","true","78","Lead and articles thereof","2","false","C00","TOTAL CPC","0","0","TOTAL MOT","-1","N/A",,"false","-1","N/A",,"false",,"false",,"false","308292",,"308292","0","true","false",
"C","A","20140101","2014","52","2014","398","KAZ","Kazakhstan","M","Import","0","W00","World","0","W00","World","H4","HS","true","79","Zinc and articles thereof","2","false","C00","TOTAL CPC","0","0","TOTAL MOT","-1","N/A",,"false","-1","N/A",,"false",,"false",,"false","3567032",,"3567032","0","true","false",
"C","A","20140101","2014","52","2014","398","KAZ","Kazakhstan","M","Import","156","CHN","China","0","W00","World","H4","HS","true","79","Zinc and articles thereof","2","false","C00","TOTAL CPC","0","0","TOTAL MOT","-1","N/A",,"false","-1","N/A",,"false",,"false",,"false","149342",,"149342","0","true","false",
"C","A","20140101","2014","52","2014","398","KAZ","Kazakhstan","M","Import","0","W00","World","0","W00","World","H4","HS","true","81","Metals; n.e.c., cermets and articles thereof","2","false","C00","TOTAL CPC","0","0","TOTAL MOT","-1","N/A",,"false","-1","N/A",,"false",,"false",,"false","34197868",,"34197868","0","true","false",
"C","A","20140101","2014","52","2014","398","KAZ","Kazakhstan","M","Import","156","CHN","China","0","W00","World","H4","HS","true","81","Metals; n.e.c., cermets and articles thereof","2","false","C00","TOTAL CPC","0","0","TOTAL MOT","-1","N/A",,"false","-1","N/A",,"false",,"false",,"false","3553223",,"3553223","0","true","false",
"C","A","20140101","2014","52","2014","398","KAZ","Kazakhstan","M","Import","0","W00","World","0","W00","World","H4","HS","true","TOTAL","All Commodities","0","false","C00","TOTAL CPC","0","0","TOTAL MOT","-1","N/A",,"false","-1","N/A",,"false",,"false",,"false","41295455969",,"41295455969","0","true","false",
"C","A","20140101","2014","52","2014","398","KAZ","Kazakhstan","M","Import","156","CHN","China","0","W00","World","H4","HS","true","TOTAL","All Commodities","0","false","C00","TOTAL CPC","0","0","TOTAL MOT","-1","N/A",,"false","-1","N/A",,"false",,"false",,"false","7357220265",,"7357220265","0","true","false",
"C","A","20140101","2014","52","2014","398","KAZ","Kazakhstan","X","Export","0","W00","World","0","W00","World","H4","HS","true","26","Ores, slag and ash","2","false","C00","TOTAL CPC","0","0","TOTAL MOT","-1","N/A",,"false","-1","N/A",,"false",,"false",,"false",,"2603412023","2603412023","0","true","false",
"C","A","20140101","2014","52","2014","398","KAZ","Kazakhstan","X","Export","156","CHN","China","0","W00","World","H4","HS","true","26","Ores, slag and ash","2","false","C00","TOTAL CPC","0","0","TOTAL MOT","-1","N/A",,"false","-1","N/A",,"false",,"false",,"false",,"1090230893","1090230893","0","true","false",
"C","A","20140101","2014","52","2014","398","KAZ","Kazakhstan","X","Export","0","W00","World","0","W00","World","H4","HS","true","28","Inorganic chemicals; organic and inorganic compounds of precious metals; of rare earth metals, of radio-active elements and of isotopes","2","false","C00","TOTAL CPC","0","0","TOTAL MOT","-1","N/A",,"false","-1","N/A",,"false",,"false",,"false",,"2839228906","2839228906","0","true","false",
"C","A","20140101","2014","52","2014","398","KAZ","Kazakhstan","X","Export","156","CHN","China","0","W00","World","H4","HS","true","28","Inorganic chemicals; organic and inorganic compounds of precious metals; of rare earth metals, of radio-active elements and of isotopes","2","false","C00","TOTAL CPC","0","0","TOTAL MOT","-1","N/A",,"false","-1","N/A",,"false",,"false",,"false",,"1193533665","1193533665","0","true","false",
"C","A","20140101","2014","52","2014","398","KAZ","Kazakhstan","X","Export","0","W00","World","0","W00","World","H4","HS","true","72","Iron and steel","2","false","C00","TOTAL CPC","0","0","TOTAL MOT","-1","N/A",,"false","-1","N/A",,"false",,"false",,"false",,"3383106874","3383106874","0","true","false",
"C","A","20140101","2014","52","2014","398","KAZ","Kazakhstan","X","Export","156","CHN","China","0","W00","World","H4","HS","true","72","Iron and steel","2","false","C00","TOTAL CPC","0","0","TOTAL MOT","-1","N/A",,"false","-1","N/A",,"false",,"false",,"false",,"373393680","373393680","0","true","false",
"C","A","20140101","2014","52","2014","398","KAZ","Kazakhstan","X","Export","0","W00","World","0","W00","World","H4","HS","true","74","Copper and articles thereof","2","false","C00","TOTAL CPC","0","0","TOTAL MOT","-1","N/A",,"false","-1","N/A",,"false",,"false",,"false",,"1830343483","1830343483","0","true","false",
"C","A","20140101","2014","52","2014","398","KAZ","Kazakhstan","X","Export","156","CHN","China","0","W00","World","H4","HS","true","74","Copper and articles thereof","2","false","C00","TOTAL CPC","0","0","TOTAL MOT","-1","N/A",,"false","-1","N/A",,"false",,"false",,"false",,"1153716857","1153716857","0","true","false",
"C","A","20140101","2014","52","2014","398","KAZ","Kazakhstan","X","Export","0","W00","World","0","W00","World","H4","HS","true","78","Lead and articles thereof","2","false","C00","TOTAL CPC","0","0","TOTAL MOT","-1","N/A",,"false","-1","N/A",,"false",,"false",,"false",,"209635897","209635897","0","true","false",
"C","A","20140101","2014","52","2014","398","KAZ","Kazakhstan","X","Export","156","CHN","China","0","W00","World","H4","HS","true","78","Lead and articles thereof","2","false","C00","TOTAL CPC","0","0","TOTAL MOT","-1","N/A",,"false","-1","N/A",,"false",,"false",,"false",,"47449360","47449360","0","true","false",
"C","A","20140101","2014","52","2014","398","KAZ","Kazakhstan","X","Export","0","W00","World","0","W00","World","H4","HS","true","79","Zinc and articles thereof","2","false","C00","TOTAL CPC","0","0","TOTAL MOT","-1","N/A",,"false","-1","N/A",,"false",,"false",,"false",,"588204535","588204535","0","true","false",
"C","A","20140101","2014","52","2014","398","KAZ","Kazakhstan","X","Export","156","CHN","China","0","W00","World","H4","HS","true","79","Zinc and articles thereof","2","false","C00","TOTAL CPC","0","0","TOTAL MOT","-1","N/A",,"false","-1","N/A",,"false",,"false",,"false",,"359365525","359365525","0","true","false",
"C","A","20140101","2014","52","2014","398","KAZ","Kazakhstan","X","Export","0","W00","World","0","W00","World","H4","HS","true","81","Metals; n.e.c., cermets and articles thereof","2","false","C00","TOTAL CPC","0","0","TOTAL MOT","-1","N/A",,"false","-1","N/A",,"false",,"false",,"false",,"178004027","178004027","0","true","false",
"C","A","20140101","2014","52","2014","398","KAZ","Kazakhstan","X","Export","156","CHN","China","0","W00","World","H4","HS","true","81","Metals; n.e.c., cermets and articles thereof","2","false","C00","TOTAL CPC","0","0","TOTAL MOT","-1","N/A",,"false","-1","N/A",,"false",,"false",,"false",,"5313731","5313731","0","true","false",
"C","A","20140101","2014","52","2014","398","KAZ","Kazakhstan","X","Export","0","W00","World","0","W00","World","H4","HS","true","TOTAL","All Commodities","0","false","C00","TOTAL CPC","0","0","TOTAL MOT","-1","N/A",,"false","-1","N/A",,"false",,"false",,"false",,"79458749145","79458749145","0","true","false",
"C","A","20140101","2014","52","2014","398","KAZ","Kazakhstan","X","Export","156","CHN","China","0","W00","World","H4","HS","true","TOTAL","All Commodities","0","false","C00","TOTAL CPC","0","0","TOTAL MOT","-1","N/A",,"false","-1","N/A",,"false",,"false",,"false",,"9799418417","9799418417","0","true","false",
"C","A","20150101","2015","52","2015","398","KAZ","Kazakhstan","M","Import","0","W00","World","0","W00","World","H4","HS","true","26","Ores, slag and ash","2","false","C00","TOTAL CPC","0","0","TOTAL MOT","-1","N/A",,"false","-1","N/A",,"false",,"false",,"false","525034315",,"525034315","0","true","false",
"C","A","20150101","2015","52","2015","398","KAZ","Kazakhstan","M","Import","156","CHN","China","0","W00","World","H4","HS","true","26","Ores, slag and ash","2","false","C00","TOTAL CPC","0","0","TOTAL MOT","-1","N/A",,"false","-1","N/A",,"false",,"false",,"false","63341",,"63341","0","true","false",
"C","A","20150101","2015","52","2015","398","KAZ","Kazakhstan","M","Import","0","W00","World","0","W00","World","H4","HS","true","28","Inorganic chemicals; organic and inorganic compounds of precious metals; of rare earth metals, of radio-active elements and of isotopes","2","false","C00","TOTAL CPC","0","0","TOTAL MOT","-1","N/A",,"false","-1","N/A",,"false",,"false",,"false","299166208",,"299166208","0","true","false",
"C","A","20150101","2015","52","2015","398","KAZ","Kazakhstan","M","Import","156","CHN","China","0","W00","World","H4","HS","true","28","Inorganic chemicals; organic and inorganic compounds of precious metals; of rare earth metals, of radio-active elements and of isotopes","2","false","C00","TOTAL CPC","0","0","TOTAL MOT","-1","N/A",,"false","-1","N/A",,"false",,"false",,"false","58488793",,"58488793","0","true","false",
"C","A","20150101","2015","52","2015","398","KAZ","Kazakhstan","M","Import","0","W00","World","0","W00","World","H4","HS","true","72","Iron and steel","2","false","C00","TOTAL CPC","0","0","TOTAL MOT","-1","N/A",,"false","-1","N/A",,"false",,"false",,"false","875482996",,"875482996","0","true","false",
"C","A","20150101","2015","52","2015","398","KAZ","Kazakhstan","M","Import","156","CHN","China","0","W00","World","H4","HS","true","72","Iron and steel","2","false","C00","TOTAL CPC","0","0","TOTAL MOT","-1","N/A",,"false","-1","N/A",,"false",,"false",,"false","107596122",,"107596122","0","true","false",
"C","A","20150101","2015","52","2015","398","KAZ","Kazakhstan","M","Import","0","W00","World","0","W00","World","H4","HS","true","74","Copper and articles thereof","2","false","C00","TOTAL CPC","0","0","TOTAL MOT","-1","N/A",,"false","-1","N/A",,"false",,"false",,"false","44901618",,"44901618","0","true","false",
"C","A","20150101","2015","52","2015","398","KAZ","Kazakhstan","M","Import","156","CHN","China","0","W00","World","H4","HS","true","74","Copper and articles thereof","2","false","C00","TOTAL CPC","0","0","TOTAL MOT","-1","N/A",,"false","-1","N/A",,"false",,"false",,"false","6336966",,"6336966","0","true","false",
"C","A","20150101","2015","52","2015","398","KAZ","Kazakhstan","M","Import","0","W00","World","0","W00","World","H4","HS","true","78","Lead and articles thereof","2","false","C00","TOTAL CPC","0","0","TOTAL MOT","-1","N/A",,"false","-1","N/A",,"false",,"false",,"false","1518850",,"1518850","0","true","false",
"C","A","20150101","2015","52","2015","398","KAZ","Kazakhstan","M","Import","156","CHN","China","0","W00","World","H4","HS","true","78","Lead and articles thereof","2","false","C00","TOTAL CPC","0","0","TOTAL MOT","-1","N/A",,"false","-1","N/A",,"false",,"false",,"false","298942",,"298942","0","true","false",
"C","A","20150101","2015","52","2015","398","KAZ","Kazakhstan","M","Import","0","W00","World","0","W00","World","H4","HS","true","79","Zinc and articles thereof","2","false","C00","TOTAL CPC","0","0","TOTAL MOT","-1","N/A",,"false","-1","N/A",,"false",,"false",,"false","3390366",,"3390366","0","true","false",
"C","A","20150101","2015","52","2015","398","KAZ","Kazakhstan","M","Import","156","CHN","China","0","W00","World","H4","HS","true","79","Zinc and articles thereof","2","false","C00","TOTAL CPC","0","0","TOTAL MOT","-1","N/A",,"false","-1","N/A",,"false",,"false",,"false","41644",,"41644","0","true","false",
"C","A","20150101","2015","52","2015","398","KAZ","Kazakhstan","M","Import","0","W00","World","0","W00","World","H4","HS","true","81","Metals; n.e.c., cermets and articles thereof","2","false","C00","TOTAL CPC","0","0","TOTAL MOT","-1","N/A",,"false","-1","N/A",,"false",,"false",,"false","33441409",,"33441409","0","true","false",
"C","A","20150101","2015","52","2015","398","KAZ","Kazakhstan","M","Import","156","CHN","China","0","W00","World","H4","HS","true","81","Metals; n.e.c., cermets and articles thereof","2","false","C00","TOTAL CPC","0","0","TOTAL MOT","-1","N/A",,"false","-1","N/A",,"false",,"false",,"false","4726578",,"4726578","0","true","false",
"C","A","20150101","2015","52","2015","398","KAZ","Kazakhstan","M","Import","0","W00","World","0","W00","World","H4","HS","true","TOTAL","All Commodities","0","false","C00","TOTAL CPC","0","0","TOTAL MOT","-1","N/A",,"false","-1","N/A",,"false",,"false",,"false","30567159492",,"30567159492","0","true","false",
"C","A","20150101","2015","52","2015","398","KAZ","Kazakhstan","M","Import","156","CHN","China","0","W00","World","H4","HS","true","TOTAL","All Commodities","0","false","C00","TOTAL CPC","0","0","TOTAL MOT","-1","N/A",,"false","-1","N/A",,"false",,"false",,"false","5087800821",,"5087800821","0","true","false",
"C","A","20150101","2015","52","2015","398","KAZ","Kazakhstan","X","Export","0","W00","World","0","W00","World","H4","HS","true","26","Ores, slag and ash","2","false","C00","TOTAL CPC","0","0","TOTAL MOT","-1","N/A",,"false","-1","N/A",,"false",,"false",,"false",,"1084150478","1084150478","0","true","false",
"C","A","20150101","2015","52","2015","398","KAZ","Kazakhstan","X","Export","156","CHN","China","0","W00","World","H4","HS","true","26","Ores, slag and ash","2","false","C00","TOTAL CPC","0","0","TOTAL MOT","-1","N/A",,"false","-1","N/A",,"false",,"false",,"false",,"271597220","271597220","0","true","false",
"C","A","20150101","2015","52","2015","398","KAZ","Kazakhstan","X","Export","0","W00","World","0","W00","World","H4","HS","true","28","Inorganic chemicals; organic and inorganic compounds of precious metals; of rare earth metals, of radio-active elements and of isotopes","2","false","C00","TOTAL CPC","0","0","TOTAL MOT","-1","N/A",,"false","-1","N/A",,"false",,"false",,"false",,"3105803215","3105803215","0","true","false",
"C","A","20150101","2015","52","2015","398","KAZ","Kazakhstan","X","Export","156","CHN","China","0","W00","World","H4","HS","true","28","Inorganic chemicals; organic and inorganic compounds of precious metals; of rare earth metals, of radio-active elements and of isotopes","2","false","C00","TOTAL CPC","0","0","TOTAL MOT","-1","N/A",,"false","-1","N/A",,"false",,"false",,"false",,"1212441243","1212441243","0","true","false",
"C","A","20150101","2015","52","2015","398","KAZ","Kazakhstan","X","Export","0","W00","World","0","W00","World","H4","HS","true","72","Iron and steel","2","false","C00","TOTAL CPC","0","0","TOTAL MOT","-1","N/A",,"false","-1","N/A",,"false",,"false",,"false",,"2500772198","2500772198","0","true","false",
"C","A","20150101","2015","52","2015","398","KAZ","Kazakhstan","X","Export","156","CHN","China","0","W00","World","H4","HS","true","72","Iron and steel","2","false","C00","TOTAL CPC","0","0","TOTAL MOT","-1","N/A",,"false","-1","N/A",,"false",,"false",,"false",,"434050605","434050605","0","true","false",
"C","A","20150101","2015","52","2015","398","KAZ","Kazakhstan","X","Export","0","W00","World","0","W00","World","H4","HS","true","74","Copper and articles thereof","2","false","C00","TOTAL CPC","0","0","TOTAL MOT","-1","N/A",,"false","-1","N/A",,"false",,"false",,"false",,"2008899405","2008899405","0","true","false",
"C","A","20150101","2015","52","2015","398","KAZ","Kazakhstan","X","Export","156","CHN","China","0","W00","World","H4","HS","true","74","Copper and articles thereof","2","false","C00","TOTAL CPC","0","0","TOTAL MOT","-1","N/A",,"false","-1","N/A",,"false",,"false",,"false",,"781667259","781667259","0","true","false",
"C","A","20150101","2015","52","2015","398","KAZ","Kazakhstan","X","Export","0","W00","World","0","W00","World","H4","HS","true","78","Lead and articles thereof","2","false","C00","TOTAL CPC","0","0","TOTAL MOT","-1","N/A",,"false","-1","N/A",,"false",,"false",,"false",,"190115966","190115966","0","true","false",
"C","A","20150101","2015","52","2015","398","KAZ","Kazakhstan","X","Export","156","CHN","China","0","W00","World","H4","HS","true","78","Lead and articles thereof","2","false","C00","TOTAL CPC","0","0","TOTAL MOT","-1","N/A",,"false","-1","N/A",,"false",,"false",,"false",,"42204771","42204771","0","true","false",
"C","A","20150101","2015","52","2015","398","KAZ","Kazakhstan","X","Export","0","W00","World","0","W00","World","H4","HS","true","79","Zinc and articles thereof","2","false","C00","TOTAL CPC","0","0","TOTAL MOT","-1","N/A",,"false","-1","N/A",,"false",,"false",,"false",,"577011783","577011783","0","true","false",
"C","A","20150101","2015","52","2015","398","KAZ","Kazakhstan","X","Export","156","CHN","China","0","W00","World","H4","HS","true","79","Zinc and articles thereof","2","false","C00","TOTAL CPC","0","0","TOTAL MOT","-1","N/A",,"false","-1","N/A",,"false",,"false",,"false",,"330004172","330004172","0","true","false",
"C","A","20150101","2015","52","2015","398","KAZ","Kazakhstan","X","Export","0","W00","World","0","W00","World","H4","HS","true","81","Metals; n.e.c., cermets and articles thereof","2","false","C00","TOTAL CPC","0","0","TOTAL MOT","-1","N/A",,"false","-1","N/A",,"false",,"false",,"false",,"172240421","172240421","0","true","false",
"C","A","20150101","2015","52","2015","398","KAZ","Kazakhstan","X","Export","156","CHN","China","0","W00","World","H4","HS","true","81","Metals; n.e.c., cermets and articles thereof","2","false","C00","TOTAL CPC","0","0","TOTAL MOT","-1","N/A",,"false","-1","N/A",,"false",,"false",,"false",,"1969966","1969966","0","true","false",
"C","A","20150101","2015","52","2015","398","KAZ","Kazakhstan","X","Export","0","W00","World","0","W00","World","H4","HS","true","TOTAL","All Commodities","0","false","C00","TOTAL CPC","0","0","TOTAL MOT","-1","N/A",,"false","-1","N/A",,"false",,"false",,"false",,"45954426051","45954426051","0","true","false",
"C","A","20150101","2015","52","2015","398","KAZ","Kazakhstan","X","Export","156","CHN","China","0","W00","World","H4","HS","true","TOTAL","All Commodities","0","false","C00","TOTAL CPC","0","0","TOTAL MOT","-1","N/A",,"false","-1","N/A",,"false",,"false",,"false",,"5480137487","5480137487","0","true","false",
"C","A","20160101","2016","52","2016","398","KAZ","Kazakhstan","M","Import","0","W00","World","0","W00","World","H4","HS","true","26","Ores, slag and ash","2","false","C00","TOTAL CPC","0","0","TOTAL MOT","-1","N/A",,"false","-1","N/A",,"false",,"false",,"false","694568515",,"694568515","0","true","false",
"C","A","20160101","2016","52","2016","398","KAZ","Kazakhstan","M","Import","0","W00","World","0","W00","World","H4","HS","true","28","Inorganic chemicals; organic and inorganic compounds of precious metals; of rare earth metals, of radio-active elements and of isotopes","2","false","C00","TOTAL CPC","0","0","TOTAL MOT","-1","N/A",,"false","-1","N/A",,"false",,"false",,"false","265716264",,"265716264","0","true","false",
"C","A","20160101","2016","52","2016","398","KAZ","Kazakhstan","M","Import","156","CHN","China","0","W00","World","H4","HS","true","28","Inorganic chemicals; organic and inorganic compounds of precious metals; of rare earth metals, of radio-active elements and of isotopes","2","false","C00","TOTAL CPC","0","0","TOTAL MOT","-1","N/A",,"false","-1","N/A",,"false",,"false",,"false","47249460",,"47249460","0","true","false",
"C","A","20160101","2016","52","2016","398","KAZ","Kazakhstan","M","Import","0","W00","World","0","W00","World","H4","HS","true","72","Iron and steel","2","false","C00","TOTAL CPC","0","0","TOTAL MOT","-1","N/A",,"false","-1","N/A",,"false",,"false",,"false","656682350",,"656682350","0","true","false",
"C","A","20160101","2016","52","2016","398","KAZ","Kazakhstan","M","Import","156","CHN","China","0","W00","World","H4","HS","true","72","Iron and steel","2","false","C00","TOTAL CPC","0","0","TOTAL MOT","-1","N/A",,"false","-1","N/A",,"false",,"false",,"false","106275674",,"106275674","0","true","false",
"C","A","20160101","2016","52","2016","398","KAZ","Kazakhstan","M","Import","0","W00","World","0","W00","World","H4","HS","true","74","Copper and articles thereof","2","false","C00","TOTAL CPC","0","0","TOTAL MOT","-1","N/A",,"false","-1","N/A",,"false",,"false",,"false","33910243",,"33910243","0","true","false",
"C","A","20160101","2016","52","2016","398","KAZ","Kazakhstan","M","Import","156","CHN","China","0","W00","World","H4","HS","true","74","Copper and articles thereof","2","false","C00","TOTAL CPC","0","0","TOTAL MOT","-1","N/A",,"false","-1","N/A",,"false",,"false",,"false","5626329",,"5626329","0","true","false",
"C","A","20160101","2016","52","2016","398","KAZ","Kazakhstan","M","Import","0","W00","World","0","W00","World","H4","HS","true","78","Lead and articles thereof","2","false","C00","TOTAL CPC","0","0","TOTAL MOT","-1","N/A",,"false","-1","N/A",,"false",,"false",,"false","6671659",,"6671659","0","true","false",
"C","A","20160101","2016","52","2016","398","KAZ","Kazakhstan","M","Import","156","CHN","China","0","W00","World","H4","HS","true","78","Lead and articles thereof","2","false","C00","TOTAL CPC","0","0","TOTAL MOT","-1","N/A",,"false","-1","N/A",,"false",,"false",,"false","1289465",,"1289465","0","true","false",
"C","A","20160101","2016","52","2016","398","KAZ","Kazakhstan","M","Import","0","W00","World","0","W00","World","H4","HS","true","79","Zinc and articles thereof","2","false","C00","TOTAL CPC","0","0","TOTAL MOT","-1","N/A",,"false","-1","N/A",,"false",,"false",,"false","2866397",,"2866397","0","true","false",
"C","A","20160101","2016","52","2016","398","KAZ","Kazakhstan","M","Import","156","CHN","China","0","W00","World","H4","HS","true","79","Zinc and articles thereof","2","false","C00","TOTAL CPC","0","0","TOTAL MOT","-1","N/A",,"false","-1","N/A",,"false",,"false",,"false","44466",,"44466","0","true","false",
"C","A","20160101","2016","52","2016","398","KAZ","Kazakhstan","M","Import","0","W00","World","0","W00","World","H4","HS","true","81","Metals; n.e.c., cermets and articles thereof","2","false","C00","TOTAL CPC","0","0","TOTAL MOT","-1","N/A",,"false","-1","N/A",,"false",,"false",,"false","22469870",,"22469870","0","true","false",
"C","A","20160101","2016","52","2016","398","KAZ","Kazakhstan","M","Import","156","CHN","China","0","W00","World","H4","HS","true","81","Metals; n.e.c., cermets and articles thereof","2","false","C00","TOTAL CPC","0","0","TOTAL MOT","-1","N/A",,"false","-1","N/A",,"false",,"false",,"false","3607675",,"3607675","0","true","false",
"C","A","20160101","2016","52","2016","398","KAZ","Kazakhstan","M","Import","0","W00","World","0","W00","World","H4","HS","true","TOTAL","All Commodities","0","false","C00","TOTAL CPC","0","0","TOTAL MOT","-1","N/A",,"false","-1","N/A",,"false",,"false",,"false","25174778826",,"25174778826","0","true","false",
"C","A","20160101","2016","52","2016","398","KAZ","Kazakhstan","M","Import","156","CHN","China","0","W00","World","H4","HS","true","TOTAL","All Commodities","0","false","C00","TOTAL CPC","0","0","TOTAL MOT","-1","N/A",,"false","-1","N/A",,"false",,"false",,"false","3665652488",,"3665652488","0","true","false",
"C","A","20160101","2016","52","2016","398","KAZ","Kazakhstan","X","Export","0","W00","World","0","W00","World","H4","HS","true","26","Ores, slag and ash","2","false","C00","TOTAL CPC","0","0","TOTAL MOT","-1","N/A",,"false","-1","N/A",,"false",,"false",,"false",,"1193597789","1193597789","0","true","false",
"C","A","20160101","2016","52","2016","398","KAZ","Kazakhstan","X","Export","156","CHN","China","0","W00","World","H4","HS","true","26","Ores, slag and ash","2","false","C00","TOTAL CPC","0","0","TOTAL MOT","-1","N/A",,"false","-1","N/A",,"false",,"false",,"false",,"446032566","446032566","0","true","false",
"C","A","20160101","2016","52","2016","398","KAZ","Kazakhstan","X","Export","0","W00","World","0","W00","World","H4","HS","true","28","Inorganic chemicals; organic and inorganic compounds of precious metals; of rare earth metals, of radio-active elements and of isotopes","2","false","C00","TOTAL CPC","0","0","TOTAL MOT","-1","N/A",,"false","-1","N/A",,"false",,"false",,"false",,"2413026785","2413026785","0","true","false",
"C","A","20160101","2016","52","2016","398","KAZ","Kazakhstan","X","Export","156","CHN","China","0","W00","World","H4","HS","true","28","Inorganic chemicals; organic and inorganic compounds of precious metals; of rare earth metals, of radio-active elements and of isotopes","2","false","C00","TOTAL CPC","0","0","TOTAL MOT","-1","N/A",,"false","-1","N/A",,"false",,"false",,"false",,"827231315","827231315","0","true","false",
"C","A","20160101","2016","52","2016","398","KAZ","Kazakhstan","X","Export","0","W00","World","0","W00","World","H4","HS","true","72","Iron and steel","2","false","C00","TOTAL CPC","0","0","TOTAL MOT","-1","N/A",,"false","-1","N/A",,"false",,"false",,"false",,"2750894853","2750894853","0","true","false",
"C","A","20160101","2016","52","2016","398","KAZ","Kazakhstan","X","Export","156","CHN","China","0","W00","World","H4","HS","true","72","Iron and steel","2","false","C00","TOTAL CPC","0","0","TOTAL MOT","-1","N/A",,"false","-1","N/A",,"false",,"false",,"false",,"600718796","600718796","0","true","false",
"C","A","20160101","2016","52","2016","398","KAZ","Kazakhstan","X","Export","0","W00","World","0","W00","World","H4","HS","true","74","Copper and articles thereof","2","false","C00","TOTAL CPC","0","0","TOTAL MOT","-1","N/A",,"false","-1","N/A",,"false",,"false",,"false",,"1918988166","1918988166","0","true","false",
"C","A","20160101","2016","52","2016","398","KAZ","Kazakhstan","X","Export","156","CHN","China","0","W00","World","H4","HS","true","74","Copper and articles thereof","2","false","C00","TOTAL CPC","0","0","TOTAL MOT","-1","N/A",,"false","-1","N/A",,"false",,"false",,"false",,"865252194","865252194","0","true","false",
"C","A","20160101","2016","52","2016","398","KAZ","Kazakhstan","X","Export","0","W00","World","0","W00","World","H4","HS","true","78","Lead and articles thereof","2","false","C00","TOTAL CPC","0","0","TOTAL MOT","-1","N/A",,"false","-1","N/A",,"false",,"false",,"false",,"222357192","222357192","0","true","false",
"C","A","20160101","2016","52","2016","398","KAZ","Kazakhstan","X","Export","156","CHN","China","0","W00","World","H4","HS","true","78","Lead and articles thereof","2","false","C00","TOTAL CPC","0","0","TOTAL MOT","-1","N/A",,"false","-1","N/A",,"false",,"false",,"false",,"21362289","21362289","0","true","false",
"C","A","20160101","2016","52","2016","398","KAZ","Kazakhstan","X","Export","0","W00","World","0","W00","World","H4","HS","true","79","Zinc and articles thereof","2","false","C00","TOTAL CPC","0","0","TOTAL MOT","-1","N/A",,"false","-1","N/A",,"false",,"false",,"false",,"553872372","553872372","0","true","false",
"C","A","20160101","2016","52","2016","398","KAZ","Kazakhstan","X","Export","156","CHN","China","0","W00","World","H4","HS","true","79","Zinc and articles thereof","2","false","C00","TOTAL CPC","0","0","TOTAL MOT","-1","N/A",,"false","-1","N/A",,"false",,"false",,"false",,"180104575","180104575","0","true","false",
"C","A","20160101","2016","52","2016","398","KAZ","Kazakhstan","X","Export","0","W00","World","0","W00","World","H4","HS","true","81","Metals; n.e.c., cermets and articles thereof","2","false","C00","TOTAL CPC","0","0","TOTAL MOT","-1","N/A",,"false","-1","N/A",,"false",,"false",,"false",,"142305414","142305414","0","true","false",
"C","A","20160101","2016","52","2016","398","KAZ","Kazakhstan","X","Export","156","CHN","China","0","W00","World","H4","HS","true","81","Metals; n.e.c., cermets and articles thereof","2","false","C00","TOTAL CPC","0","0","TOTAL MOT","-1","N/A",,"false","-1","N/A",,"false",,"false",,"false",,"6291363","6291363","0","true","false",
"C","A","20160101","2016","52","2016","398","KAZ","Kazakhstan","X","Export","0","W00","World","0","W00","World","H4","HS","true","TOTAL","All Commodities","0","false","C00","TOTAL CPC","0","0","TOTAL MOT","-1","N/A",,"false","-1","N/A",,"false",,"false",,"false",,"36775323403","36775323403","0","true","false",
"C","A","20160101","2016","52","2016","398","KAZ","Kazakhstan","X","Export","156","CHN","China","0","W00","World","H4","HS","true","TOTAL","All Commodities","0","false","C00","TOTAL CPC","0","0","TOTAL MOT","-1","N/A",,"false","-1","N/A",,"false",,"false",,"false",,"4214925896","4214925896","0","true","false",
"C","A","20170101","2017","52","2017","398","KAZ","Kazakhstan","M","Import","0","W00","World","0","W00","World","H5","HS","true","26","Ores, slag and ash","2","false","C00","TOTAL CPC","0 ","0","TOTAL MOT","-1","N/A","0","false","-1","N/A","0","false",,"true","0","false","789093547.25",,"789093547.25","4","false","true",
"C","A","20170101","2017","52","2017","398","KAZ","Kazakhstan","M","Import","156","CHN","China","0","W00","World","H5","HS","true","26","Ores, slag and ash","2","false","C00","TOTAL CPC","0 ","0","TOTAL MOT","-1","N/A","0","false","-1","N/A","0","false","0","false","0","false","10050.1",,"10050.1","0","false","true",
"C","A","20170101","2017","52","2017","398","KAZ","Kazakhstan","M","Import","0","W00","World","0","W00","World","H5","HS","true","28","Inorganic chemicals; organic and inorganic compounds of precious metals; of rare earth metals, of radio-active elements and of isotopes","2","false","C00","TOTAL CPC","0 ","0","TOTAL MOT","-1","N/A","0","false","-1","N/A","0","false",,"true","0","false","380139612.21",,"380139612.21","4","false","true",
"C","A","20170101","2017","52","2017","398","KAZ","Kazakhstan","M","Import","156","CHN","China","0","W00","World","H5","HS","true","28","Inorganic chemicals; organic and inorganic compounds of precious metals; of rare earth metals, of radio-active elements and of isotopes","2","false","C00","TOTAL CPC","0 ","0","TOTAL MOT","-1","N/A","0","false","-1","N/A","0","false","0","true","0","false","135135989.06",,"135135989.06","4","false","true",
"C","A","20170101","2017","52","2017","398","KAZ","Kazakhstan","M","Import","0","W00","World","0","W00","World","H5","HS","true","72","Iron and steel","2","false","C00","TOTAL CPC","0 ","0","TOTAL MOT","-1","N/A","0","false","-1","N/A","0","false",,"true","0","false","1032601527.96",,"1032601527.96","4","false","true",
"C","A","20170101","2017","52","2017","398","KAZ","Kazakhstan","M","Import","156","CHN","China","0","W00","World","H5","HS","true","72","Iron and steel","2","false","C00","TOTAL CPC","0 ","0","TOTAL MOT","-1","N/A","0","false","-1","N/A","0","false","0","true","0","false","129193825.22",,"129193825.22","4","false","true",
"C","A","20170101","2017","52","2017","398","KAZ","Kazakhstan","M","Import","0","W00","World","0","W00","World","H5","HS","true","74","Copper and articles thereof","2","false","C00","TOTAL CPC","0 ","0","TOTAL MOT","-1","N/A","0","false","-1","N/A","0","false","0","true","0","false","66175892.09",,"66175892.09","4","false","true",
"C","A","20170101","2017","52","2017","398","KAZ","Kazakhstan","M","Import","156","CHN","China","0","W00","World","H5","HS","true","74","Copper and articles thereof","2","false","C00","TOTAL CPC","0 ","0","TOTAL MOT","-1","N/A","0","false","-1","N/A","0","false","0","false","0","false","4817673.79",,"4817673.79","0","false","true",
"C","A","20170101","2017","52","2017","398","KAZ","Kazakhstan","M","Import","0","W00","World","0","W00","World","H5","HS","true","78","Lead and articles thereof","2","false","C00","TOTAL CPC","0 ","0","TOTAL MOT","-1","N/A","0","false","-1","N/A","0","false","0","true","0","false","7018713.68",,"7018713.68","4","false","true",
"C","A","20170101","2017","52","2017","398","KAZ","Kazakhstan","M","Import","156","CHN","China","0","W00","World","H5","HS","true","78","Lead and articles thereof","2","false","C00","TOTAL CPC","0 ","0","TOTAL MOT","-1","N/A","0","false","-1","N/A","0","false","0","false","0","false","2794294.73",,"2794294.73","0","false","true",
"C","A","20170101","2017","52","2017","398","KAZ","Kazakhstan","M","Import","0","W00","World","0","W00","World","H5","HS","true","79","Zinc and articles thereof","2","false","C00","TOTAL CPC","0 ","0","TOTAL MOT","-1","N/A","0","false","-1","N/A","0","false","0","true","0","false","40644065.13",,"40644065.13","4","false","true",
"C","A","20170101","2017","52","2017","398","KAZ","Kazakhstan","M","Import","156","CHN","China","0","W00","World","H5","HS","true","79","Zinc and articles thereof","2","false","C00","TOTAL CPC","0 ","0","TOTAL MOT","-1","N/A","0","false","-1","N/A","0","false","0","false","0","false","54680.19",,"54680.19","0","false","true",
"C","A","20170101","2017","52","2017","398","KAZ","Kazakhstan","M","Import","0","W00","World","0","W00","World","H5","HS","true","81","Metals; n.e.c., cermets and articles thereof","2","false","C00","TOTAL CPC","0 ","0","TOTAL MOT","-1","N/A","0","false","-1","N/A","0","false","0","true","0","false","27763289.35",,"27763289.35","4","false","true",
"C","A","20170101","2017","52","2017","398","KAZ","Kazakhstan","M","Import","156","CHN","China","0","W00","World","H5","HS","true","81","Metals; n.e.c., cermets and articles thereof","2","false","C00","TOTAL CPC","0 ","0","TOTAL MOT","-1","N/A","0","false","-1","N/A","0","false","0","false","0","false","4388683.28",,"4388683.28","0","false","true",
"C","A","20170101","2017","52","2017","398","KAZ","Kazakhstan","M","Import","0","W00","World","0","W00","World","H5","HS","true","TOTAL","All Commodities","0","false","C00","TOTAL CPC","0 ","0","TOTAL MOT","-1","N/A","0","false","-1","N/A","0","false","0","true","0","false","29599360478.6",,"29599360478.6","4","false","true",
"C","A","20170101","2017","52","2017","398","KAZ","Kazakhstan","M","Import","156","CHN","China","0","W00","World","H5","HS","true","TOTAL","All Commodities","0","false","C00","TOTAL CPC","0 ","0","TOTAL MOT","-1","N/A","0","false","-1","N/A","0","false","0","true","0","false","4694998733.36",,"4694998733.36","4","false","true",
"C","A","20170101","2017","52","2017","398","KAZ","Kazakhstan","X","Export","0","W00","World","0","W00","World","H5","HS","true","26","Ores, slag and ash","2","false","C00","TOTAL CPC","0 ","0","TOTAL MOT","-1","N/A","0","false","-1","N/A","0","false","0","true","0","false",,"2119269692.82","2119269692.82","4","false","true",
"C","A","20170101","2017","52","2017","398","KAZ","Kazakhstan","X","Export","156","CHN","China","0","W00","World","H5","HS","true","26","Ores, slag and ash","2","false","C00","TOTAL CPC","0 ","0","TOTAL MOT","-1","N/A","0","false","-1","N/A","0","false","0","false","0","false",,"1081427165.61","1081427165.61","0","false","true",
"C","A","20170101","2017","52","2017","398","KAZ","Kazakhstan","X","Export","0","W00","World","0","W00","World","H5","HS","true","28","Inorganic chemicals; organic and inorganic compounds of precious metals; of rare earth metals, of radio-active elements and of isotopes","2","false","C00","TOTAL CPC","0 ","0","TOTAL MOT","-1","N/A","0","false","-1","N/A","0","false",,"true","0","false",,"2166916711.2","2166916711.2","4","false","true",
"C","A","20170101","2017","52","2017","398","KAZ","Kazakhstan","X","Export","156","CHN","China","0","W00","World","H5","HS","true","28","Inorganic chemicals; organic and inorganic compounds of precious metals; of rare earth metals, of radio-active elements and of isotopes","2","false","C00","TOTAL CPC","0 ","0","TOTAL MOT","-1","N/A","0","false","-1","N/A","0","false","0","false","0","false",,"1027651044.95","1027651044.95","0","false","true",
"C","A","20170101","2017","52","2017","398","KAZ","Kazakhstan","X","Export","0","W00","World","0","W00","World","H5","HS","true","72","Iron and steel","2","false","C00","TOTAL CPC","0 ","0","TOTAL MOT","-1","N/A","0","false","-1","N/A","0","false","0","true","0","false",,"4193678689.24","4193678689.24","4","false","true",
"C","A","20170101","2017","52","2017","398","KAZ","Kazakhstan","X","Export","156","CHN","China","0","W00","World","H5","HS","true","72","Iron and steel","2","false","C00","TOTAL CPC","0 ","0","TOTAL MOT","-1","N/A","0","false","-1","N/A","0","false","0","false","0","false",,"879288676.17","879288676.17","0","false","true",
"C","A","20170101","2017","52","2017","398","KAZ","Kazakhstan","X","Export","0","W00","World","0","W00","World","H5","HS","true","74","Copper and articles thereof","2","false","C00","TOTAL CPC","0 ","0","TOTAL MOT","-1","N/A","0","false","-1","N/A","0","false","0","true","0","false",,"2543531837.7","2543531837.7","4","false","true",
"C","A","20170101","2017","52","2017","398","KAZ","Kazakhstan","X","Export","156","CHN","China","0","W00","World","H5","HS","true","74","Copper and articles thereof","2","false","C00","TOTAL CPC","0 ","0","TOTAL MOT","-1","N/A","0","false","-1","N/A","0","false","0","false","0","false",,"1110361005.42","1110361005.42","0","false","true",
"C","A","20170101","2017","52","2017","398","KAZ","Kazakhstan","X","Export","0","W00","World","0","W00","World","H5","HS","true","78","Lead and articles thereof","2","false","C00","TOTAL CPC","0 ","0","TOTAL MOT","-1","N/A","0","false","-1","N/A","0","false","0","true","0","false",,"256476513.06","256476513.06","4","false","true",
"C","A","20170101","2017","52","2017","398","KAZ","Kazakhstan","X","Export","156","CHN","China","0","W00","World","H5","HS","true","78","Lead and articles thereof","2","false","C00","TOTAL CPC","0 ","0","TOTAL MOT","-1","N/A","0","false","-1","N/A","0","false","0","false","0","false",,"46827223.86","46827223.86","0","false","true",
"C","A","20170101","2017","52","2017","398","KAZ","Kazakhstan","X","Export","0","W00","World","0","W00","World","H5","HS","true","79","Zinc and articles thereof","2","false","C00","TOTAL CPC","0 ","0","TOTAL MOT","-1","N/A","0","false","-1","N/A","0","false","0","false","0","false",,"852333738.63","852333738.63","0","false","true",
"C","A","20170101","2017","52","2017","398","KAZ","Kazakhstan","X","Export","156","CHN","China","0","W00","World","H5","HS","true","79","Zinc and articles thereof","2","false","C00","TOTAL CPC","0 ","0","TOTAL MOT","-1","N/A","0","false","-1","N/A","0","false","0","false","0","false",,"332887753.6","332887753.6","0","false","true",
"C","A","20170101","2017","52","2017","398","KAZ","Kazakhstan","X","Export","0","W00","World","0","W00","World","H5","HS","true","81","Metals; n.e.c., cermets and articles thereof","2","false","C00","TOTAL CPC","0 ","0","TOTAL MOT","-1","N/A","0","false","-1","N/A","0","false","0","true","0","false",,"171764444.95","171764444.95","4","false","true",
"C","A","20170101","2017","52","2017","398","KAZ","Kazakhstan","X","Export","156","CHN","China","0","W00","World","H5","HS","true","81","Metals; n.e.c., cermets and articles thereof","2","false","C00","TOTAL CPC","0 ","0","TOTAL MOT","-1","N/A","0","false","-1","N/A","0","false","0","false","0","false",,"15799357.19","15799357.19","0","false","true",
"C","A","20170101","2017","52","2017","398","KAZ","Kazakhstan","X","Export","0","W00","World","0","W00","World","H5","HS","true","TOTAL","All Commodities","0","false","C00","TOTAL CPC","0 ","0","TOTAL MOT","-1","N/A","0","false","-1","N/A","0","false","0","true","0","false",,"48502738958.11","48502738958.11","4","false","true",
"C","A","20170101","2017","52","2017","398","KAZ","Kazakhstan","X","Export","156","CHN","China","0","W00","World","H5","HS","true","TOTAL","All Commodities","0","false","C00","TOTAL CPC","0 ","0","TOTAL MOT","-1","N/A","0","false","-1","N/A","0","false","0","true","0","false",,"5797975617.54","5797975617.54","4","false","true",
"C","A","20180101","2018","52","2018","398","KAZ","Kazakhstan","M","Import","0","W00","World","0","W00","World","H5","HS","true","26","Ores, slag and ash","2","false","C00","TOTAL CPC","0","0","TOTAL MOT","-1","N/A","0","false","-1","N/A","0","false",,"false","0","false","823349071.76",,"823349071.76","0","false","true",
"C","A","20180101","2018","52","2018","398","KAZ","Kazakhstan","M","Import","156","CHN","China","0","W00","World","H5","HS","true","26","Ores, slag and ash","2","false","C00","TOTAL CPC","0","0","TOTAL MOT","-1","N/A","0","false","-1","N/A","0","false","0","false","0","false","757816.53",,"757816.53","0","false","true",
"C","A","20180101","2018","52","2018","398","KAZ","Kazakhstan","M","Import","0","W00","World","0","W00","World","H5","HS","true","28","Inorganic chemicals; organic and inorganic compounds of precious metals; of rare earth metals, of radio-active elements and of isotopes","2","false","C00","TOTAL CPC","0","0","TOTAL MOT","-1","N/A","0","false","-1","N/A","0","false","0","true","0","false","402759743.25",,"402759743.25","4","false","true",
"C","A","20180101","2018","52","2018","398","KAZ","Kazakhstan","M","Import","156","CHN","China","0","W00","World","H5","HS","true","28","Inorganic chemicals; organic and inorganic compounds of precious metals; of rare earth metals, of radio-active elements and of isotopes","2","false","C00","TOTAL CPC","0","0","TOTAL MOT","-1","N/A","0","false","-1","N/A","0","false","0","true","0","false","158007540.07",,"158007540.07","4","false","true",
"C","A","20180101","2018","52","2018","398","KAZ","Kazakhstan","M","Import","0","W00","World","0","W00","World","H5","HS","true","72","Iron and steel","2","false","C00","TOTAL CPC","0","0","TOTAL MOT","-1","N/A","0","false","-1","N/A","0","false","0","true","0","false","1129628434.31",,"1129628434.31","4","false","true",
"C","A","20180101","2018","52","2018","398","KAZ","Kazakhstan","M","Import","156","CHN","China","0","W00","World","H5","HS","true","72","Iron and steel","2","false","C00","TOTAL CPC","0","0","TOTAL MOT","-1","N/A","0","false","-1","N/A","0","false","0","false","0","false","108721668.57",,"108721668.57","0","false","true",
"C","A","20180101","2018","52","2018","398","KAZ","Kazakhstan","M","Import","0","W00","World","0","W00","World","H5","HS","true","74","Copper and articles thereof","2","false","C00","TOTAL CPC","0","0","TOTAL MOT","-1","N/A","0","false","-1","N/A","0","false","0","true","0","false","76474875.1",,"76474875.1","4","false","true",
"C","A","20180101","2018","52","2018","398","KAZ","Kazakhstan","M","Import","156","CHN","China","0","W00","World","H5","HS","true","74","Copper and articles thereof","2","false","C00","TOTAL CPC","0","0","TOTAL MOT","-1","N/A","0","false","-1","N/A","0","false","0","false","0","false","5002654.91",,"5002654.91","0","false","true",
"C","A","20180101","2018","52","2018","398","KAZ","Kazakhstan","M","Import","0","W00","World","0","W00","World","H5","HS","true","78","Lead and articles thereof","2","false","C00","TOTAL CPC","0","0","TOTAL MOT","-1","N/A","0","false","-1","N/A","0","false","0","true","0","false","4786854.57",,"4786854.57","4","false","true",
"C","A","20180101","2018","52","2018","398","KAZ","Kazakhstan","M","Import","156","CHN","China","0","W00","World","H5","HS","true","78","Lead and articles thereof","2","false","C00","TOTAL CPC","0","0","TOTAL MOT","-1","N/A","0","false","-1","N/A","0","false","0","false","0","false","2750165.22",,"2750165.22","0","false","true",
"C","A","20180101","2018","52","2018","398","KAZ","Kazakhstan","M","Import","0","W00","World","0","W00","World","H5","HS","true","79","Zinc and articles thereof","2","false","C00","TOTAL CPC","0","0","TOTAL MOT","-1","N/A","0","false","-1","N/A","0","false","0","true","0","false","16596611.43",,"16596611.43","4","false","true",
"C","A","20180101","2018","52","2018","398","KAZ","Kazakhstan","M","Import","156","CHN","China","0","W00","World","H5","HS","true","79","Zinc and articles thereof","2","false","C00","TOTAL CPC","0","0","TOTAL MOT","-1","N/A","0","false","-1","N/A","0","false","0","false","0","false","349663.55",,"349663.55","0","false","true",
"C","A","20180101","2018","52","2018","398","KAZ","Kazakhstan","M","Import","0","W00","World","0","W00","World","H5","HS","true","81","Metals; n.e.c., cermets and articles thereof","2","false","C00","TOTAL CPC","0","0","TOTAL MOT","-1","N/A","0","false","-1","N/A","0","false","0","true","0","false","33523657.15",,"33523657.15","4","false","true",
"C","A","20180101","2018","52","2018","398","KAZ","Kazakhstan","M","Import","156","CHN","China","0","W00","World","H5","HS","true","81","Metals; n.e.c., cermets and articles thereof","2","false","C00","TOTAL CPC","0","0","TOTAL MOT","-1","N/A","0","false","-1","N/A","0","false","0","false","0","false","2689974.08",,"2689974.08","0","false","true",
"C","A","20180101","2018","52","2018","398","KAZ","Kazakhstan","M","Import","0","W00","World","0","W00","World","H5","HS","true","TOTAL","All Commodities","0","false","C00","TOTAL CPC","0","0","TOTAL MOT","-1","N/A","0","false","-1","N/A","0","false",,"false","0","false","33347352470.97",,"33347352470.97","0","false","true",
"C","A","20180101","2018","52","2018","398","KAZ","Kazakhstan","M","Import","156","CHN","China","0","W00","World","H5","HS","true","TOTAL","All Commodities","0","false","C00","TOTAL CPC","0","0","TOTAL MOT","-1","N/A","0","false","-1","N/A","0","false","0","true","0","false","5384163379.5",,"5384163379.5","4","false","true",
"C","A","20180101","2018","52","2018","398","KAZ","Kazakhstan","X","Export","0","W00","World","0","W00","World","H5","HS","true","26","Ores, slag and ash","2","false","C00","TOTAL CPC","0","0","TOTAL MOT","-1","N/A","0","false","-1","N/A","0","false",,"false","0","false",,"2097832725","2097832725","0","false","true",
"C","A","20180101","2018","52","2018","398","KAZ","Kazakhstan","X","Export","156","CHN","China","0","W00","World","H5","HS","true","26","Ores, slag and ash","2","false","C00","TOTAL CPC","0","0","TOTAL MOT","-1","N/A","0","false","-1","N/A","0","false","0","true","0","false",,"946602170.93","946602170.93","4","false","true",
"C","A","20180101","2018","52","2018","398","KAZ","Kazakhstan","X","Export","0","W00","World","0","W00","World","H5","HS","true","28","Inorganic chemicals; organic and inorganic compounds of precious metals; of rare earth metals, of radio-active elements and of isotopes","2","false","C00","TOTAL CPC","0","0","TOTAL MOT","-1","N/A","0","false","-1","N/A","0","false",,"false","0","false",,"2138055354.71","2138055354.71","0","false","true",
"C","A","20180101","2018","52","2018","398","KAZ","Kazakhstan","X","Export","156","CHN","China","0","W00","World","H5","HS","true","28","Inorganic chemicals; organic and inorganic compounds of precious metals; of rare earth metals, of radio-active elements and of isotopes","2","false","C00","TOTAL CPC","0","0","TOTAL MOT","-1","N/A","0","false","-1","N/A","0","false","0","false","0","false",,"679333922.97","679333922.97","0","false","true",
"C","A","20180101","2018","52","2018","398","KAZ","Kazakhstan","X","Export","0","W00","World","0","W00","World","H5","HS","true","72","Iron and steel","2","false","C00","TOTAL CPC","0","0","TOTAL MOT","-1","N/A","0","false","-1","N/A","0","false","0","false","0","false",,"4167051523.45","4167051523.45","0","false","true",
"C","A","20180101","2018","52","2018","398","KAZ","Kazakhstan","X","Export","156","CHN","China","0","W00","World","H5","HS","true","72","Iron and steel","2","false","C00","TOTAL CPC","0","0","TOTAL MOT","-1","N/A","0","false","-1","N/A","0","false","0","false","0","false",,"834081756.23","834081756.23","0","false","true",
"C","A","20180101","2018","52","2018","398","KAZ","Kazakhstan","X","Export","0","W00","World","0","W00","World","H5","HS","true","74","Copper and articles thereof","2","false","C00","TOTAL CPC","0","0","TOTAL MOT","-1","N/A","0","false","-1","N/A","0","false","0","false","0","false",,"2549144288.3","2549144288.3","0","false","true",
"C","A","20180101","2018","52","2018","398","KAZ","Kazakhstan","X","Export","156","CHN","China","0","W00","World","H5","HS","true","74","Copper and articles thereof","2","false","C00","TOTAL CPC","0","0","TOTAL MOT","-1","N/A","0","false","-1","N/A","0","false","0","false","0","false",,"1364584692.63","1364584692.63","0","false","true",
"C","A","20180101","2018","52","2018","398","KAZ","Kazakhstan","X","Export","0","W00","World","0","W00","World","H5","HS","true","78","Lead and articles thereof","2","false","C00","TOTAL CPC","0","0","TOTAL MOT","-1","N/A","0","false","-1","N/A","0","false","0","true","0","false",,"203549494.91","203549494.91","4","false","true",
"C","A","20180101","2018","52","2018","398","KAZ","Kazakhstan","X","Export","156","CHN","China","0","W00","World","H5","HS","true","78","Lead and articles thereof","2","false","C00","TOTAL CPC","0","0","TOTAL MOT","-1","N/A","0","false","-1","N/A","0","false","0","false","0","false",,"5495805.28","5495805.28","0","false","true",
"C","A","20180101","2018","52","2018","398","KAZ","Kazakhstan","X","Export","0","W00","World","0","W00","World","H5","HS","true","79","Zinc and articles thereof","2","false","C00","TOTAL CPC","0","0","TOTAL MOT","-1","N/A","0","false","-1","N/A","0","false","0","false","0","false",,"305786224.83","305786224.83","0","false","true",
"C","A","20180101","2018","52","2018","398","KAZ","Kazakhstan","X","Export","156","CHN","China","0","W00","World","H5","HS","true","79","Zinc and articles thereof","2","false","C00","TOTAL CPC","0","0","TOTAL MOT","-1","N/A","0","false","-1","N/A","0","false","0","false","0","false",,"166944116.15","166944116.15","0","false","true",
"C","A","20180101","2018","52","2018","398","KAZ","Kazakhstan","X","Export","0","W00","World","0","W00","World","H5","HS","true","81","Metals; n.e.c., cermets and articles thereof","2","false","C00","TOTAL CPC","0","0","TOTAL MOT","-1","N/A","0","false","-1","N/A","0","false","0","false","0","false",,"218277553.94","218277553.94","0","false","true",
"C","A","20180101","2018","52","2018","398","KAZ","Kazakhstan","X","Export","156","CHN","China","0","W00","World","H5","HS","true","81","Metals; n.e.c., cermets and articles thereof","2","false","C00","TOTAL CPC","0","0","TOTAL MOT","-1","N/A","0","false","-1","N/A","0","false","0","false","0","false",,"32868255.61","32868255.61","0","false","true",
"C","A","20180101","2018","52","2018","398","KAZ","Kazakhstan","X","Export","0","W00","World","0","W00","World","H5","HS","true","TOTAL","All Commodities","0","false","C00","TOTAL CPC","0","0","TOTAL MOT","-1","N/A","0","false","-1","N/A","0","false",,"false","0","false",,"61108294589.22","61108294589.22","0","false","true",
"C","A","20180101","2018","52","2018","398","KAZ","Kazakhstan","X","Export","156","CHN","China","0","W00","World","H5","HS","true","TOTAL","All Commodities","0","false","C00","TOTAL CPC","0","0","TOTAL MOT","-1","N/A","0","false","-1","N/A","0","false","0","true","0","false",,"6307476192.48","6307476192.48","4","false","true",
"C","A","20190101","2019","52","2019","398","KAZ","Kazakhstan","M","Import","0","W00","World","0","W00","World","H5","HS","true","26","Ores, slag and ash","2","false","C00","TOTAL CPC","0","0","TOTAL MOT","-1","N/A","0","false","-1","N/A","0","false",,"false","0","false","730170035.77",,"730170035.77","0","false","true",
"C","A","20190101","2019","52","2019","398","KAZ","Kazakhstan","M","Import","156","CHN","China","0","W00","World","H5","HS","true","26","Ores, slag and ash","2","false","C00","TOTAL CPC","0","0","TOTAL MOT","-1","N/A","0","false","-1","N/A","0","false","0","false","0","false","33871628.57",,"33871628.57","0","false","true",
"C","A","20190101","2019","52","2019","398","KAZ","Kazakhstan","M","Import","0","W00","World","0","W00","World","H5","HS","true","28","Inorganic chemicals; organic and inorganic compounds of precious metals; of rare earth metals, of radio-active elements and of isotopes","2","false","C00","TOTAL CPC","0","0","TOTAL MOT","-1","N/A","0","false","-1","N/A","0","false","0","true","0","false","381205216.34",,"381205216.34","4","false","true",
"C","A","20190101","2019","52","2019","398","KAZ","Kazakhstan","M","Import","156","CHN","China","0","W00","World","H5","HS","true","28","Inorganic chemicals; organic and inorganic compounds of precious metals; of rare earth metals, of radio-active elements and of isotopes","2","false","C00","TOTAL CPC","0","0","TOTAL MOT","-1","N/A","0","false","-1","N/A","0","false","0","true","0","false","81598324.72",,"81598324.72","4","false","true",
"C","A","20190101","2019","52","2019","398","KAZ","Kazakhstan","M","Import","0","W00","World","0","W00","World","H5","HS","true","72","Iron and steel","2","false","C00","TOTAL CPC","0","0","TOTAL MOT","-1","N/A","0","false","-1","N/A","0","false","0","true","0","false","1229872005.7",,"1229872005.7","4","false","true",
"C","A","20190101","2019","52","2019","398","KAZ","Kazakhstan","M","Import","156","CHN","China","0","W00","World","H5","HS","true","72","Iron and steel","2","false","C00","TOTAL CPC","0","0","TOTAL MOT","-1","N/A","0","false","-1","N/A","0","false","0","true","0","false","103591805.74",,"103591805.74","4","false","true",
"C","A","20190101","2019","52","2019","398","KAZ","Kazakhstan","M","Import","0","W00","World","0","W00","World","H5","HS","true","74","Copper and articles thereof","2","false","C00","TOTAL CPC","0","0","TOTAL MOT","-1","N/A","0","false","-1","N/A","0","false","0","true","0","false","68798210.3",,"68798210.3","4","false","true",
"C","A","20190101","2019","52","2019","398","KAZ","Kazakhstan","M","Import","156","CHN","China","0","W00","World","H5","HS","true","74","Copper and articles thereof","2","false","C00","TOTAL CPC","0","0","TOTAL MOT","-1","N/A","0","false","-1","N/A","0","false","0","false","0","false","4323916.17",,"4323916.17","0","false","true",
"C","A","20190101","2019","52","2019","398","KAZ","Kazakhstan","M","Import","0","W00","World","0","W00","World","H5","HS","true","78","Lead and articles thereof","2","false","C00","TOTAL CPC","0","0","TOTAL MOT","-1","N/A","0","false","-1","N/A","0","false","0","true","0","false","2814184.96",,"2814184.96","4","false","true",
"C","A","20190101","2019","52","2019","398","KAZ","Kazakhstan","M","Import","156","CHN","China","0","W00","World","H5","HS","true","78","Lead and articles thereof","2","false","C00","TOTAL CPC","0","0","TOTAL MOT","-1","N/A","0","false","-1","N/A","0","false","0","false","0","false","529813.34",,"529813.34","0","false","true",
"C","A","20190101","2019","52","2019","398","KAZ","Kazakhstan","M","Import","0","W00","World","0","W00","World","H5","HS","true","79","Zinc and articles thereof","2","false","C00","TOTAL CPC","0","0","TOTAL MOT","-1","N/A","0","false","-1","N/A","0","false","0","true","0","false","41377749.69",,"41377749.69","4","false","true",
"C","A","20190101","2019","52","2019","398","KAZ","Kazakhstan","M","Import","156","CHN","China","0","W00","World","H5","HS","true","79","Zinc and articles thereof","2","false","C00","TOTAL CPC","0","0","TOTAL MOT","-1","N/A","0","false","-1","N/A","0","false","0","false","0","false","252181.42",,"252181.42","0","false","true",
"C","A","20190101","2019","52","2019","398","KAZ","Kazakhstan","M","Import","0","W00","World","0","W00","World","H5","HS","true","81","Metals; n.e.c., cermets and articles thereof","2","false","C00","TOTAL CPC","0","0","TOTAL MOT","-1","N/A","0","false","-1","N/A","0","false","0","false","0","false","27323162.39",,"27323162.39","0","false","true",
"C","A","20190101","2019","52","2019","398","KAZ","Kazakhstan","M","Import","156","CHN","China","0","W00","World","H5","HS","true","81","Metals; n.e.c., cermets and articles thereof","2","false","C00","TOTAL CPC","0","0","TOTAL MOT","-1","N/A","0","false","-1","N/A","0","false","0","false","0","false","3124308.86",,"3124308.86","0","false","true",
"C","A","20190101","2019","52","2019","398","KAZ","Kazakhstan","M","Import","0","W00","World","0","W00","World","H5","HS","true","TOTAL","All Commodities","0","false","C00","TOTAL CPC","0","0","TOTAL MOT","-1","N/A","0","false","-1","N/A","0","false",,"false","0","false","39708836450.91",,"39708836450.91","0","false","true",
"C","A","20190101","2019","52","2019","398","KAZ","Kazakhstan","M","Import","156","CHN","China","0","W00","World","H5","HS","true","TOTAL","All Commodities","0","false","C00","TOTAL CPC","0","0","TOTAL MOT","-1","N/A","0","false","-1","N/A","0","false","0","true","0","false","6788625828.84",,"6788625828.84","4","false","true",
"C","A","20190101","2019","52","2019","398","KAZ","Kazakhstan","X","Export","0","W00","World","0","W00","World","H5","HS","true","26","Ores, slag and ash","2","false","C00","TOTAL CPC","0","0","TOTAL MOT","-1","N/A","0","false","-1","N/A","0","false","0","true","0","false",,"2727132483.79","2727132483.79","4","false","true",
"C","A","20190101","2019","52","2019","398","KAZ","Kazakhstan","X","Export","156","CHN","China","0","W00","World","H5","HS","true","26","Ores, slag and ash","2","false","C00","TOTAL CPC","0","0","TOTAL MOT","-1","N/A","0","false","-1","N/A","0","false","0","false","0","false",,"1122228171.67","1122228171.67","0","false","true",
"C","A","20190101","2019","52","2019","398","KAZ","Kazakhstan","X","Export","0","W00","World","0","W00","World","H5","HS","true","28","Inorganic chemicals; organic and inorganic compounds of precious metals; of rare earth metals, of radio-active elements and of isotopes","2","false","C00","TOTAL CPC","0","0","TOTAL MOT","-1","N/A","0","false","-1","N/A","0","false","0","true","0","false",,"2177688338.13","2177688338.13","4","false","true",
"C","A","20190101","2019","52","2019","398","KAZ","Kazakhstan","X","Export","156","CHN","China","0","W00","World","H5","HS","true","28","Inorganic chemicals; organic and inorganic compounds of precious metals; of rare earth metals, of radio-active elements and of isotopes","2","false","C00","TOTAL CPC","0","0","TOTAL MOT","-1","N/A","0","false","-1","N/A","0","false","0","false","0","false",,"506162074.61","506162074.61","0","false","true",
"C","A","20190101","2019","52","2019","398","KAZ","Kazakhstan","X","Export","0","W00","World","0","W00","World","H5","HS","true","72","Iron and steel","2","false","C00","TOTAL CPC","0","0","TOTAL MOT","-1","N/A","0","false","-1","N/A","0","false",,"false","0","false",,"3485132009.14","3485132009.14","0","false","true",
"C","A","20190101","2019","52","2019","398","KAZ","Kazakhstan","X","Export","156","CHN","China","0","W00","World","H5","HS","true","72","Iron and steel","2","false","C00","TOTAL CPC","0","0","TOTAL MOT","-1","N/A","0","false","-1","N/A","0","false","0","false","0","false",,"829892620.01","829892620.01","0","false","true",
"C","A","20190101","2019","52","2019","398","KAZ","Kazakhstan","X","Export","0","W00","World","0","W00","World","H5","HS","true","74","Copper and articles thereof","2","false","C00","TOTAL CPC","0","0","TOTAL MOT","-1","N/A","0","false","-1","N/A","0","false",,"false","0","false",,"2737380657.18","2737380657.18","0","false","true",
"C","A","20190101","2019","52","2019","398","KAZ","Kazakhstan","X","Export","156","CHN","China","0","W00","World","H5","HS","true","74","Copper and articles thereof","2","false","C00","TOTAL CPC","0","0","TOTAL MOT","-1","N/A","0","false","-1","N/A","0","false","0","false","0","false",,"1566584580.9","1566584580.9","0","false","true",
"C","A","20190101","2019","52","2019","398","KAZ","Kazakhstan","X","Export","0","W00","World","0","W00","World","H5","HS","true","78","Lead and articles thereof","2","false","C00","TOTAL CPC","0","0","TOTAL MOT","-1","N/A","0","false","-1","N/A","0","false","0","true","0","false",,"176614575.73","176614575.73","4","false","true",
"C","A","20190101","2019","52","2019","398","KAZ","Kazakhstan","X","Export","156","CHN","China","0","W00","World","H5","HS","true","78","Lead and articles thereof","2","false","C00","TOTAL CPC","0","0","TOTAL MOT","-1","N/A","0","false","-1","N/A","0","false","0","false","0","false",,"6457688.51","6457688.51","0","false","true",
"C","A","20190101","2019","52","2019","398","KAZ","Kazakhstan","X","Export","0","W00","World","0","W00","World","H5","HS","true","79","Zinc and articles thereof","2","false","C00","TOTAL CPC","0","0","TOTAL MOT","-1","N/A","0","false","-1","N/A","0","false","0","false","0","false",,"731238096.46","731238096.46","0","false","true",
"C","A","20190101","2019","52","2019","398","KAZ","Kazakhstan","X","Export","156","CHN","China","0","W00","World","H5","HS","true","79","Zinc and articles thereof","2","false","C00","TOTAL CPC","0","0","TOTAL MOT","-1","N/A","0","false","-1","N/A","0","false","0","false","0","false",,"562638292.08","562638292.08","0","false","true",
"C","A","20190101","2019","52","2019","398","KAZ","Kazakhstan","X","Export","0","W00","World","0","W00","World","H5","HS","true","81","Metals; n.e.c., cermets and articles thereof","2","false","C00","TOTAL CPC","0","0","TOTAL MOT","-1","N/A","0","false","-1","N/A","0","false","0","false","0","false",,"223945421.67","223945421.67","0","false","true",
"C","A","20190101","2019","52","2019","398","KAZ","Kazakhstan","X","Export","156","CHN","China","0","W00","World","H5","HS","true","81","Metals; n.e.c., cermets and articles thereof","2","false","C00","TOTAL CPC","0","0","TOTAL MOT","-1","N/A","0","false","-1","N/A","0","false","0","false","0","false",,"56973918.67","56973918.67","0","false","true",
"C","A","20190101","2019","52","2019","398","KAZ","Kazakhstan","X","Export","0","W00","World","0","W00","World","H5","HS","true","TOTAL","All Commodities","0","false","C00","TOTAL CPC","0","0","TOTAL MOT","-1","N/A","0","false","-1","N/A","0","false",,"false","0","false",,"58065248748.74","58065248748.74","0","false","true",
"C","A","20190101","2019","52","2019","398","KAZ","Kazakhstan","X","Export","156","CHN","China","0","W00","World","H5","HS","true","TOTAL","All Commodities","0","false","C00","TOTAL CPC","0","0","TOTAL MOT","-1","N/A","0","false","-1","N/A","0","false","0","true","0","false",,"8003866693.43","8003866693.43","4","false","true",
"C","A","20200101","2020","52","2020","398","KAZ","Kazakhstan","M","Import","0","W00","World","0","W00","World","H5","HS","true","26","Ores, slag and ash","2","false","C00","TOTAL CPC","0","0","TOTAL MOT","-1","N/A","0","false","-1","N/A","0","false",,"false","0","false","659081815.58",,"659081815.58","0","false","true",
"C","A","20200101","2020","52","2020","398","KAZ","Kazakhstan","M","Import","156","CHN","China","0","W00","World","H5","HS","true","26","Ores, slag and ash","2","false","C00","TOTAL CPC","0","0","TOTAL MOT","-1","N/A","0","false","-1","N/A","0","false","0","false","0","false","845654.3",,"845654.3","0","false","true",
"C","A","20200101","2020","52","2020","398","KAZ","Kazakhstan","M","Import","0","W00","World","0","W00","World","H5","HS","true","28","Inorganic chemicals; organic and inorganic compounds of precious metals; of rare earth metals, of radio-active elements and of isotopes","2","false","C00","TOTAL CPC","0","0","TOTAL MOT","-1","N/A","0","false","-1","N/A","0","false","0","true","0","false","372936006.967",,"372936006.967","4","false","true",
"C","A","20200101","2020","52","2020","398","KAZ","Kazakhstan","M","Import","156","CHN","China","0","W00","World","H5","HS","true","28","Inorganic chemicals; organic and inorganic compounds of precious metals; of rare earth metals, of radio-active elements and of isotopes","2","false","C00","TOTAL CPC","0","0","TOTAL MOT","-1","N/A","0","false","-1","N/A","0","false","0","true","0","false","135901041.07",,"135901041.07","4","false","true",
"C","A","20200101","2020","52","2020","398","KAZ","Kazakhstan","M","Import","0","W00","World","0","W00","World","H5","HS","true","72","Iron and steel","2","false","C00","TOTAL CPC","0","0","TOTAL MOT","-1","N/A","0","false","-1","N/A","0","false","0","true","0","false","905243999.297",,"905243999.297","4","false","true",
"C","A","20200101","2020","52","2020","398","KAZ","Kazakhstan","M","Import","156","CHN","China","0","W00","World","H5","HS","true","72","Iron and steel","2","false","C00","TOTAL CPC","0","0","TOTAL MOT","-1","N/A","0","false","-1","N/A","0","false","0","false","0","false","8577.85",,"8577.85","0","false","true",
"C","A","20200101","2020","52","2020","398","KAZ","Kazakhstan","M","Import","0","W00","World","0","W00","World","H5","HS","true","74","Copper and articles thereof","2","false","C00","TOTAL CPC","0","0","TOTAL MOT","-1","N/A","0","false","-1","N/A","0","false","0","false","0","false","23277086.035",,"23277086.035","0","false","true",
"C","A","20200101","2020","52","2020","398","KAZ","Kazakhstan","M","Import","0","W00","World","0","W00","World","H5","HS","true","78","Lead and articles thereof","2","false","C00","TOTAL CPC","0","0","TOTAL MOT","-1","N/A","0","false","-1","N/A","0","false","0","false","0","false","1407534.25",,"1407534.25","0","false","true",
"C","A","20200101","2020","52","2020","398","KAZ","Kazakhstan","M","Import","0","W00","World","0","W00","World","H5","HS","true","79","Zinc and articles thereof","2","false","C00","TOTAL CPC","0","0","TOTAL MOT","-1","N/A","0","false","-1","N/A","0","false","0","false","0","false","1459872.193",,"1459872.193","0","false","true",
"C","A","20200101","2020","52","2020","398","KAZ","Kazakhstan","M","Import","0","W00","World","0","W00","World","H5","HS","true","81","Metals; n.e.c., cermets and articles thereof","2","false","C00","TOTAL CPC","0","0","TOTAL MOT","-1","N/A","0","false","-1","N/A","0","false","0","false","0","false","3667154.34",,"3667154.34","0","false","true",
"C","A","20200101","2020","52","2020","398","KAZ","Kazakhstan","M","Import","0","W00","World","0","W00","World","H5","HS","true","TOTAL","All Commodities","0","false","C00","TOTAL CPC","0","0","TOTAL MOT","-1","N/A","0","false","-1","N/A","0","false",,"false","0","false","22157911400.731",,"22157911400.731","0","false","true",
"C","A","20200101","2020","52","2020","398","KAZ","Kazakhstan","M","Import","156","CHN","China","0","W00","World","H5","HS","true","TOTAL","All Commodities","0","false","C00","TOTAL CPC","0","0","TOTAL MOT","-1","N/A","0","false","-1","N/A","0","false","0","true","0","false","1955285758.04",,"1955285758.04","4","false","true",
"C","A","20200101","2020","52","2020","398","KAZ","Kazakhstan","X","Export","0","W00","World","0","W00","World","H5","HS","true","26","Ores, slag and ash","2","false","C00","TOTAL CPC","0","0","TOTAL MOT","-1","N/A","0","false","-1","N/A","0","false","0","true","0","false",,"3539057953.76","3539057953.76","4","false","true",
"C","A","20200101","2020","52","2020","398","KAZ","Kazakhstan","X","Export","156","CHN","China","0","W00","World","H5","HS","true","26","Ores, slag and ash","2","false","C00","TOTAL CPC","0","0","TOTAL MOT","-1","N/A","0","false","-1","N/A","0","false","0","false","0","false",,"1971138499.95","1971138499.95","0","false","true",
"C","A","20200101","2020","52","2020","398","KAZ","Kazakhstan","X","Export","0","W00","World","0","W00","World","H5","HS","true","28","Inorganic chemicals; organic and inorganic compounds of precious metals; of rare earth metals, of radio-active elements and of isotopes","2","false","C00","TOTAL CPC","0","0","TOTAL MOT","-1","N/A","0","false","-1","N/A","0","false",,"false","0","false",,"2369116115.45","2369116115.45","0","false","true",
"C","A","20200101","2020","52","2020","398","KAZ","Kazakhstan","X","Export","156","CHN","China","0","W00","World","H5","HS","true","28","Inorganic chemicals; organic and inorganic compounds of precious metals; of rare earth metals, of radio-active elements and of isotopes","2","false","C00","TOTAL CPC","0","0","TOTAL MOT","-1","N/A","0","false","-1","N/A","0","false","0","false","0","false",,"882940159.68","882940159.68","0","false","true",
"C","A","20200101","2020","52","2020","398","KAZ","Kazakhstan","X","Export","0","W00","World","0","W00","World","H5","HS","true","72","Iron and steel","2","false","C00","TOTAL CPC","0","0","TOTAL MOT","-1","N/A","0","false","-1","N/A","0","false","0","false","0","false",,"2508812938.65","2508812938.65","0","false","true",
"C","A","20200101","2020","52","2020","398","KAZ","Kazakhstan","X","Export","156","CHN","China","0","W00","World","H5","HS","true","72","Iron and steel","2","false","C00","TOTAL CPC","0","0","TOTAL MOT","-1","N/A","0","false","-1","N/A","0","false","0","false","0","false",,"807039164.76","807039164.76","0","false","true",
"C","A","20200101","2020","52","2020","398","KAZ","Kazakhstan","X","Export","0","W00","World","0","W00","World","H5","HS","true","74","Copper and articles thereof","2","false","C00","TOTAL CPC","0","0","TOTAL MOT","-1","N/A","0","false","-1","N/A","0","false","0","false","0","false",,"54559346.79","54559346.79","0","false","true",
"C","A","20200101","2020","52","2020","398","KAZ","Kazakhstan","X","Export","0","W00","World","0","W00","World","H5","HS","true","78","Lead and articles thereof","2","false","C00","TOTAL CPC","0","0","TOTAL MOT","-1","N/A","0","false","-1","N/A","0","false","0","false","0","false",,"8933340.01","8933340.01","0","false","true",
"C","A","20200101","2020","52","2020","398","KAZ","Kazakhstan","X","Export","0","W00","World","0","W00","World","H5","HS","true","79","Zinc and articles thereof","2","false","C00","TOTAL CPC","0","0","TOTAL MOT","-1","N/A","0","false","-1","N/A","0","false","0","false","0","false",,"89179879.99","89179879.99","0","false","true",
"C","A","20200101","2020","52","2020","398","KAZ","Kazakhstan","X","Export","0","W00","World","0","W00","World","H5","HS","true","81","Metals; n.e.c., cermets and articles thereof","2","false","C00","TOTAL CPC","0","0","TOTAL MOT","-1","N/A","0","false","-1","N/A","0","false","0","true","0","false",,"40301833.31","40301833.31","4","false","true",
"C","A","20200101","2020","52","2020","398","KAZ","Kazakhstan","X","Export","0","W00","World","0","W00","World","H5","HS","true","TOTAL","All Commodities","0","false","C00","TOTAL CPC","0","0","TOTAL MOT","-1","N/A","0","false","-1","N/A","0","false",,"false","0","false",,"41874386710.092","41874386710.092","0","false","true",
"C","A","20200101","2020","52","2020","398","KAZ","Kazakhstan","X","Export","156","CHN","China","0","W00","World","H5","HS","true","TOTAL","All Commodities","0","false","C00","TOTAL CPC","0","0","TOTAL MOT","-1","N/A","0","false","-1","N/A","0","false","0","true","0","false",,"6836749155.66","6836749155.66","4","false","true",
"C","A","20210101","2021","52","2021","398","KAZ","Kazakhstan","M","Import","0","W00","World","0","W00","World","H5","HS","true","26","Ores, slag and ash","2","false","C00","TOTAL CPC","0","0","TOTAL MOT","-1","N/A","0","false","-1","N/A","0","false",,"false","0","false","1111052038.09",,"1111052038.09","0","false","true",
"C","A","20210101","2021","52","2021","398","KAZ","Kazakhstan","M","Import","156","CHN","China","0","W00","World","H5","HS","true","26","Ores, slag and ash","2","false","C00","TOTAL CPC","0","0","TOTAL MOT","-1","N/A","0","false","-1","N/A","0","false","0","false","0","false","129679.35",,"129679.35","0","false","true",
"C","A","20210101","2021","52","2021","398","KAZ","Kazakhstan","M","Import","0","W00","World","0","W00","World","H5","HS","true","28","Inorganic chemicals; organic and inorganic compounds of precious metals; of rare earth metals, of radio-active elements and of isotopes","2","false","C00","TOTAL CPC","0","0","TOTAL MOT","-1","N/A","0","false","-1","N/A","0","false",,"false","0","false","362683643.865",,"362683643.865","0","false","true",
"C","A","20210101","2021","52","2021","398","KAZ","Kazakhstan","M","Import","156","CHN","China","0","W00","World","H5","HS","true","28","Inorganic chemicals; organic and inorganic compounds of precious metals; of rare earth metals, of radio-active elements and of isotopes","2","false","C00","TOTAL CPC","0","0","TOTAL MOT","-1","N/A","0","false","-1","N/A","0","false","0","true","0","false","91702922.92",,"91702922.92","4","false","true",
"C","A","20210101","2021","52","2021","398","KAZ","Kazakhstan","M","Import","0","W00","World","0","W00","World","H5","HS","true","72","Iron and steel","2","false","C00","TOTAL CPC","0","0","TOTAL MOT","-1","N/A","0","false","-1","N/A","0","false","0","true","0","false","1587409785.349",,"1587409785.349","4","false","true",
"C","A","20210101","2021","52","2021","398","KAZ","Kazakhstan","M","Import","156","CHN","China","0","W00","World","H5","HS","true","72","Iron and steel","2","false","C00","TOTAL CPC","0","0","TOTAL MOT","-1","N/A","0","false","-1","N/A","0","false","0","false","0","false","67100.91",,"67100.91","0","false","true",
"C","A","20210101","2021","52","2021","398","KAZ","Kazakhstan","M","Import","0","W00","World","0","W00","World","H5","HS","true","74","Copper and articles thereof","2","false","C00","TOTAL CPC","0","0","TOTAL MOT","-1","N/A","0","false","-1","N/A","0","false",,"false","0","false","43613752.236",,"43613752.236","0","false","true",
"C","A","20210101","2021","52","2021","398","KAZ","Kazakhstan","M","Import","0","W00","World","0","W00","World","H5","HS","true","78","Lead and articles thereof","2","false","C00","TOTAL CPC","0","0","TOTAL MOT","-1","N/A","0","false","-1","N/A","0","false","0","false","0","false","1575466.79",,"1575466.79","0","false","true",
"C","A","20210101","2021","52","2021","398","KAZ","Kazakhstan","M","Import","0","W00","World","0","W00","World","H5","HS","true","79","Zinc and articles thereof","2","false","C00","TOTAL CPC","0","0","TOTAL MOT","-1","N/A","0","false","-1","N/A","0","false","0","false","0","false","1089083.29",,"1089083.29","0","false","true",
"C","A","20210101","2021","52","2021","398","KAZ","Kazakhstan","M","Import","0","W00","World","0","W00","World","H5","HS","true","81","Metals; n.e.c., cermets and articles thereof","2","false","C00","TOTAL CPC","0","0","TOTAL MOT","-1","N/A","0","false","-1","N/A","0","false","0","true","0","false","4071871.74",,"4071871.74","4","false","true",
"C","A","20210101","2021","52","2021","398","KAZ","Kazakhstan","M","Import","0","W00","World","0","W00","World","H5","HS","true","TOTAL","All Commodities","0","false","C00","TOTAL CPC","0","0","TOTAL MOT","-1","N/A","0","false","-1","N/A","0","false",,"false","0","false","27751611648.929",,"27751611648.929","0","false","true",
"C","A","20210101","2021","52","2021","398","KAZ","Kazakhstan","M","Import","156","CHN","China","0","W00","World","H5","HS","true","TOTAL","All Commodities","0","false","C00","TOTAL CPC","0","0","TOTAL MOT","-1","N/A","0","false","-1","N/A","0","false","0","true","0","false","2424023172.95",,"2424023172.95","4","false","true",
"C","A","20210101","2021","52","2021","398","KAZ","Kazakhstan","X","Export","0","W00","World","0","W00","World","H5","HS","true","26","Ores, slag and ash","2","false","C00","TOTAL CPC","0","0","TOTAL MOT","-1","N/A","0","false","-1","N/A","0","false","0","false","0","false",,"4173496770.21","4173496770.21","0","false","true",
"C","A","20210101","2021","52","2021","398","KAZ","Kazakhstan","X","Export","156","CHN","China","0","W00","World","H5","HS","true","26","Ores, slag and ash","2","false","C00","TOTAL CPC","0","0","TOTAL MOT","-1","N/A","0","false","-1","N/A","0","false","0","false","0","false",,"2204893496.41","2204893496.41","0","false","true",
"C","A","20210101","2021","52","2021","398","KAZ","Kazakhstan","X","Export","0","W00","World","0","W00","World","H5","HS","true","28","Inorganic chemicals; organic and inorganic compounds of precious metals; of rare earth metals, of radio-active elements and of isotopes","2","false","C00","TOTAL CPC","0","0","TOTAL MOT","-1","N/A","0","false","-1","N/A","0","false","0","true","0","false",,"2511508213.83","2511508213.83","4","false","true",
"C","A","20210101","2021","52","2021","398","KAZ","Kazakhstan","X","Export","156","CHN","China","0","W00","World","H5","HS","true","28","Inorganic chemicals; organic and inorganic compounds of precious metals; of rare earth metals, of radio-active elements and of isotopes","2","false","C00","TOTAL CPC","0","0","TOTAL MOT","-1","N/A","0","false","-1","N/A","0","false","0","false","0","false",,"661708384.88","661708384.88","0","false","true",
"C","A","20210101","2021","52","2021","398","KAZ","Kazakhstan","X","Export","0","W00","World","0","W00","World","H5","HS","true","72","Iron and steel","2","false","C00","TOTAL CPC","0","0","TOTAL MOT","-1","N/A","0","false","-1","N/A","0","false",,"false","0","false",,"4061182650.03","4061182650.03","0","false","true",
"C","A","20210101","2021","52","2021","398","KAZ","Kazakhstan","X","Export","156","CHN","China","0","W00","World","H5","HS","true","72","Iron and steel","2","false","C00","TOTAL CPC","0","0","TOTAL MOT","-1","N/A","0","false","-1","N/A","0","false","0","false","0","false",,"754306089.04","754306089.04","0","false","true",
"C","A","20210101","2021","52","2021","398","KAZ","Kazakhstan","X","Export","0","W00","World","0","W00","World","H5","HS","true","74","Copper and articles thereof","2","false","C00","TOTAL CPC","0","0","TOTAL MOT","-1","N/A","0","false","-1","N/A","0","false","0","true","0","false",,"109884783.71","109884783.71","4","false","true",
"C","A","20210101","2021","52","2021","398","KAZ","Kazakhstan","X","Export","0","W00","World","0","W00","World","H5","HS","true","78","Lead and articles thereof","2","false","C00","TOTAL CPC","0","0","TOTAL MOT","-1","N/A","0","false","-1","N/A","0","false","0","false","0","false",,"15863476.77","15863476.77","0","false","true",
"C","A","20210101","2021","52","2021","398","KAZ","Kazakhstan","X","Export","0","W00","World","0","W00","World","H5","HS","true","79","Zinc and articles thereof","2","false","C00","TOTAL CPC","0","0","TOTAL MOT","-1","N/A","0","false","-1","N/A","0","false","0","true","0","false",,"155614609.6","155614609.6","4","false","true",
"C","A","20210101","2021","52","2021","398","KAZ","Kazakhstan","X","Export","0","W00","World","0","W00","World","H5","HS","true","81","Metals; n.e.c., cermets and articles thereof","2","false","C00","TOTAL CPC","0","0","TOTAL MOT","-1","N/A","0","false","-1","N/A","0","false","0","false","0","false",,"35897085.67","35897085.67","0","false","true",
"C","A","20210101","2021","52","2021","398","KAZ","Kazakhstan","X","Export","0","W00","World","0","W00","World","H5","HS","true","TOTAL","All Commodities","0","false","C00","TOTAL CPC","0","0","TOTAL MOT","-1","N/A","0","false","-1","N/A","0","false",,"false","0","false",,"53068759291.092","53068759291.092","0","false","true",
"C","A","20210101","2021","52","2021","398","KAZ","Kazakhstan","X","Export","156","CHN","China","0","W00","World","H5","HS","true","TOTAL","All Commodities","0","false","C00","TOTAL CPC","0","0","TOTAL MOT","-1","N/A","0","false","-1","N/A","0","false","0","true","0","false",,"6851902440.5","6851902440.5","4","false","true",
"C","A","20220101","2022","52","2022","398","KAZ","Kazakhstan","M","Import","0","W00","World","0","W00","World","H6","HS","true","26","Ores, slag and ash","2","false","C00","TOTAL CPC","0","0","TOTAL MOT","-1","N/A","0","false","-1","N/A","0","false",,"false","0","false","1458040069.25",,"1458040069.25","0","false","true",
"C","A","20220101","2022","52","2022","398","KAZ","Kazakhstan","M","Import","156","CHN","China","0","W00","World","H6","HS","true","26","Ores, slag and ash","2","false","C00","TOTAL CPC","0","0","TOTAL MOT","-1","N/A","0","false","-1","N/A","0","false","0","false","0","false","515977.64",,"515977.64","0","false","true",
"C","A","20220101","2022","52","2022","398","KAZ","Kazakhstan","M","Import","0","W00","World","0","W00","World","H6","HS","true","28","Inorganic chemicals; organic and inorganic compounds of precious metals; of rare earth metals, of radio-active elements and of isotopes","2","false","C00","TOTAL CPC","0","0","TOTAL MOT","-1","N/A","0","false","-1","N/A","0","false","0","true","0","false","564483199.051",,"564483199.051","4","false","true",
"C","A","20220101","2022","52","2022","398","KAZ","Kazakhstan","M","Import","156","CHN","China","0","W00","World","H6","HS","true","28","Inorganic chemicals; organic and inorganic compounds of precious metals; of rare earth metals, of radio-active elements and of isotopes","2","false","C00","TOTAL CPC","0","0","TOTAL MOT","-1","N/A","0","false","-1","N/A","0","false","0","true","0","false","155323932.72",,"155323932.72","4","false","true",
"C","A","20220101","2022","52","2022","398","KAZ","Kazakhstan","M","Import","0","W00","World","0","W00","World","H6","HS","true","72","Iron and steel","2","false","C00","TOTAL CPC","0","0","TOTAL MOT","-1","N/A","0","false","-1","N/A","0","false","0","true","0","false","1602280974.773",,"1602280974.773","4","false","true",
"C","A","20220101","2022","52","2022","398","KAZ","Kazakhstan","M","Import","156","CHN","China","0","W00","World","H6","HS","true","72","Iron and steel","2","false","C00","TOTAL CPC","0","0","TOTAL MOT","-1","N/A","0","false","-1","N/A","0","false","0","false","0","false","2514661.62",,"2514661.62","0","false","true",
"C","A","20220101","2022","52","2022","398","KAZ","Kazakhstan","M","Import","0","W00","World","0","W00","World","H6","HS","true","74","Copper and articles thereof","2","false","C00","TOTAL CPC","0","0","TOTAL MOT","-1","N/A","0","false","-1","N/A","0","false","0","false","0","false","38007226.658",,"38007226.658","0","false","true",
"C","A","20220101","2022","52","2022","398","KAZ","Kazakhstan","M","Import","0","W00","World","0","W00","World","H6","HS","true","78","Lead and articles thereof","2","false","C00","TOTAL CPC","0","0","TOTAL MOT","-1","N/A","0","false","-1","N/A","0","false","0","false","0","false","1603173.438",,"1603173.438","0","false","true",
"C","A","20220101","2022","52","2022","398","KAZ","Kazakhstan","M","Import","0","W00","World","0","W00","World","H6","HS","true","79","Zinc and articles thereof","2","false","C00","TOTAL CPC","0","0","TOTAL MOT","-1","N/A","0","false","-1","N/A","0","false","0","false","0","false","1036130.74",,"1036130.74","0","false","true",
"C","A","20220101","2022","52","2022","398","KAZ","Kazakhstan","M","Import","0","W00","World","0","W00","World","H6","HS","true","81","Metals; n.e.c., cermets and articles thereof","2","false","C00","TOTAL CPC","0","0","TOTAL MOT","-1","N/A","0","false","-1","N/A","0","false","0","true","0","false","5070002.71",,"5070002.71","4","false","true",
"C","A","20220101","2022","52","2022","398","KAZ","Kazakhstan","M","Import","0","W00","World","0","W00","World","H6","HS","true","TOTAL","All Commodities","0","false","C00","TOTAL CPC","0","0","TOTAL MOT","-1","N/A","0","false","-1","N/A","0","false",,"false","0","false","30952133484.068",,"30952133484.068","0","false","true",
"C","A","20220101","2022","52","2022","398","KAZ","Kazakhstan","M","Import","156","CHN","China","0","W00","World","H6","HS","true","TOTAL","All Commodities","0","false","C00","TOTAL CPC","0","0","TOTAL MOT","-1","N/A","0","false","-1","N/A","0","false","0","true","0","false","3575000793.04",,"3575000793.04","4","false","true",
"C","A","20220101","2022","52","2022","398","KAZ","Kazakhstan","X","Export","0","W00","World","0","W00","World","H6","HS","true","26","Ores, slag and ash","2","false","C00","TOTAL CPC","0","0","TOTAL MOT","-1","N/A","0","false","-1","N/A","0","false","0","true","0","false",,"4145383625.87","4145383625.87","4","false","true",
"C","A","20220101","2022","52","2022","398","KAZ","Kazakhstan","X","Export","156","CHN","China","0","W00","World","H6","HS","true","26","Ores, slag and ash","2","false","C00","TOTAL CPC","0","0","TOTAL MOT","-1","N/A","0","false","-1","N/A","0","false","0","false","0","false",,"2819007501.17","2819007501.17","0","false","true",
"C","A","20220101","2022","52","2022","398","KAZ","Kazakhstan","X","Export","0","W00","World","0","W00","World","H6","HS","true","28","Inorganic chemicals; organic and inorganic compounds of precious metals; of rare earth metals, of radio-active elements and of isotopes","2","false","C00","TOTAL CPC","0","0","TOTAL MOT","-1","N/A","0","false","-1","N/A","0","false",,"false","0","false",,"3574079660.28","3574079660.28","0","false","true",
"C","A","20220101","2022","52","2022","398","KAZ","Kazakhstan","X","Export","156","CHN","China","0","W00","World","H6","HS","true","28","Inorganic chemicals; organic and inorganic compounds of precious metals; of rare earth metals, of radio-active elements and of isotopes","2","false","C00","TOTAL CPC","0","0","TOTAL MOT","-1","N/A","0","false","-1","N/A","0","false","0","false","0","false",,"784755495.69","784755495.69","0","false","true",
"C","A","20220101","2022","52","2022","398","KAZ","Kazakhstan","X","Export","0","W00","World","0","W00","World","H6","HS","true","72","Iron and steel","2","false","C00","TOTAL CPC","0","0","TOTAL MOT","-1","N/A","0","false","-1","N/A","0","false","0","true","0","false",,"4557811157.58","4557811157.58","4","false","true",
"C","A","20220101","2022","52","2022","398","KAZ","Kazakhstan","X","Export","156","CHN","China","0","W00","World","H6","HS","true","72","Iron and steel","2","false","C00","TOTAL CPC","0","0","TOTAL MOT","-1","N/A","0","false","-1","N/A","0","false","0","false","0","false",,"782770457.64","782770457.64","0","false","true",
"C","A","20220101","2022","52","2022","398","KAZ","Kazakhstan","X","Export","0","W00","World","0","W00","World","H6","HS","true","74","Copper and articles thereof","2","false","C00","TOTAL CPC","0","0","TOTAL MOT","-1","N/A","0","false","-1","N/A","0","false","0","false","0","false",,"48166316.4","48166316.4","0","false","true",
"C","A","20220101","2022","52","2022","398","KAZ","Kazakhstan","X","Export","0","W00","World","0","W00","World","H6","HS","true","78","Lead and articles thereof","2","false","C00","TOTAL CPC","0","0","TOTAL MOT","-1","N/A","0","false","-1","N/A","0","false","0","false","0","false",,"4719143.77","4719143.77","0","false","true",
"C","A","20220101","2022","52","2022","398","KAZ","Kazakhstan","X","Export","0","W00","World","0","W00","World","H6","HS","true","79","Zinc and articles thereof","2","false","C00","TOTAL CPC","0","0","TOTAL MOT","-1","N/A","0","false","-1","N/A","0","false","0","true","0","false",,"233540797.59","233540797.59","4","false","true",
"C","A","20220101","2022","52","2022","398","KAZ","Kazakhstan","X","Export","0","W00","World","0","W00","World","H6","HS","true","81","Metals; n.e.c., cermets and articles thereof","2","false","C00","TOTAL CPC","0","0","TOTAL MOT","-1","N/A","0","false","-1","N/A","0","false","0","false","0","false",,"30828123.86","30828123.86","0","false","true",
"C","A","20220101","2022","52","2022","398","KAZ","Kazakhstan","X","Export","0","W00","World","0","W00","World","H6","HS","true","TOTAL","All Commodities","0","false","C00","TOTAL CPC","0","0","TOTAL MOT","-1","N/A","0","false","-1","N/A","0","false",,"false","0","false",,"76139804973.234","76139804973.234","0","false","true",
"C","A","20220101","2022","52","2022","398","KAZ","Kazakhstan","X","Export","156","CHN","China","0","W00","World","H6","HS","true","TOTAL","All Commodities","0","false","C00","TOTAL CPC","0","0","TOTAL MOT","-1","N/A","0","false","-1","N/A","0","false","0","true","0","false",,"10461770663.88","10461770663.88","4","false","true",
"C","A","20230101","2023","52","2023","398","KAZ","Kazakhstan","M","Import","0","W00","World","0","W00","World","H6","HS","true","26","Ores, slag and ash","2","false","C00","TOTAL CPC","0","0","TOTAL MOT","-1","N/A","0","false","-1","N/A","0","false",,"false","0","false","1201199436.71",,"1201199436.71","0","false","true",
"C","A","20230101","2023","52","2023","398","KAZ","Kazakhstan","M","Import","156","CHN","China","0","W00","World","H6","HS","true","26","Ores, slag and ash","2","false","C00","TOTAL CPC","0","0","TOTAL MOT","-1","N/A","0","false","-1","N/A","0","false","0","false","0","false","3139902.72",,"3139902.72","0","false","true",
"C","A","20230101","2023","52","2023","398","KAZ","Kazakhstan","M","Import","0","W00","World","0","W00","World","H6","HS","true","28","Inorganic chemicals; organic and inorganic compounds of precious metals; of rare earth metals, of radio-active elements and of isotopes","2","false","C00","TOTAL CPC","0","0","TOTAL MOT","-1","N/A","0","false","-1","N/A","0","false",,"false","0","false","754428527.84",,"754428527.84","0","false","true",
"C","A","20230101","2023","52","2023","398","KAZ","Kazakhstan","M","Import","156","CHN","China","0","W00","World","H6","HS","true","28","Inorganic chemicals; organic and inorganic compounds of precious metals; of rare earth metals, of radio-active elements and of isotopes","2","false","C00","TOTAL CPC","0","0","TOTAL MOT","-1","N/A","0","false","-1","N/A","0","false","0","true","0","false","175820820.11",,"175820820.11","4","false","true",
"C","A","20230101","2023","52","2023","398","KAZ","Kazakhstan","M","Import","0","W00","World","0","W00","World","H6","HS","true","72","Iron and steel","2","false","C00","TOTAL CPC","0","0","TOTAL MOT","-1","N/A","0","false","-1","N/A","0","false","0","true","0","false","1743150478.37",,"1743150478.37","4","false","true",
"C","A","20230101","2023","52","2023","398","KAZ","Kazakhstan","M","Import","156","CHN","China","0","W00","World","H6","HS","true","72","Iron and steel","2","false","C00","TOTAL CPC","0","0","TOTAL MOT","-1","N/A","0","false","-1","N/A","0","false","0","false","0","false","153673378.97",,"153673378.97","0","false","true",
"C","A","20230101","2023","52","2023","398","KAZ","Kazakhstan","M","Import","0","W00","World","0","W00","World","H6","HS","true","74","Copper and articles thereof","2","false","C00","TOTAL CPC","0","0","TOTAL MOT","-1","N/A","0","false","-1","N/A","0","false","0","true","0","false","206586258.36",,"206586258.36","4","false","true",
"C","A","20230101","2023","52","2023","398","KAZ","Kazakhstan","M","Import","156","CHN","China","0","W00","World","H6","HS","true","74","Copper and articles thereof","2","false","C00","TOTAL CPC","0","0","TOTAL MOT","-1","N/A","0","false","-1","N/A","0","false","0","false","0","false","15037762.9",,"15037762.9","0","false","true",
"C","A","20230101","2023","52","2023","398","KAZ","Kazakhstan","M","Import","0","W00","World","0","W00","World","H6","HS","true","78","Lead and articles thereof","2","false","C00","TOTAL CPC","0","0","TOTAL MOT","-1","N/A","0","false","-1","N/A","0","false","0","false","0","false","18870858.31",,"18870858.31","0","false","true",
"C","A","20230101","2023","52","2023","398","KAZ","Kazakhstan","M","Import","156","CHN","China","0","W00","World","H6","HS","true","78","Lead and articles thereof","2","false","C00","TOTAL CPC","0","0","TOTAL MOT","-1","N/A","0","false","-1","N/A","0","false","0","false","0","false","2164998.87",,"2164998.87","0","false","true",
"C","A","20230101","2023","52","2023","398","KAZ","Kazakhstan","M","Import","0","W00","World","0","W00","World","H6","HS","true","79","Zinc and articles thereof","2","false","C00","TOTAL CPC","0","0","TOTAL MOT","-1","N/A","0","false","-1","N/A","0","false","0","true","0","false","3628241.56",,"3628241.56","4","false","true",
"C","A","20230101","2023","52","2023","398","KAZ","Kazakhstan","M","Import","156","CHN","China","0","W00","World","H6","HS","true","79","Zinc and articles thereof","2","false","C00","TOTAL CPC","0","0","TOTAL MOT","-1","N/A","0","false","-1","N/A","0","false","0","false","0","false","2191593.84",,"2191593.84","0","false","true",
"C","A","20230101","2023","52","2023","398","KAZ","Kazakhstan","M","Import","0","W00","World","0","W00","World","H6","HS","true","81","Metals; n.e.c., cermets and articles thereof","2","false","C00","TOTAL CPC","0","0","TOTAL MOT","-1","N/A","0","false","-1","N/A","0","false","0","false","0","false","61024624.51",,"61024624.51","0","false","true",
"C","A","20230101","2023","52","2023","398","KAZ","Kazakhstan","M","Import","156","CHN","China","0","W00","World","H6","HS","true","81","Metals; n.e.c., cermets and articles thereof","2","false","C00","TOTAL CPC","0","0","TOTAL MOT","-1","N/A","0","false","-1","N/A","0","false","0","false","0","false","11584545.25",,"11584545.25","0","false","true",
"C","A","20230101","2023","52","2023","398","KAZ","Kazakhstan","M","Import","0","W00","World","0","W00","World","H6","HS","true","TOTAL","All Commodities","0","false","C00","TOTAL CPC","0","0","TOTAL MOT","-1","N/A","0","false","-1","N/A","0","false",,"false","0","false","61160501425.8",,"61160501425.8","0","false","true",
"C","A","20230101","2023","52","2023","398","KAZ","Kazakhstan","M","Import","156","CHN","China","0","W00","World","H6","HS","true","TOTAL","All Commodities","0","false","C00","TOTAL CPC","0","0","TOTAL MOT","-1","N/A","0","false","-1","N/A","0","false","0","true","0","false","16772250496.13",,"16772250496.13","4","false","true",
"C","A","20230101","2023","52","2023","398","KAZ","Kazakhstan","X","Export","0","W00","World","0","W00","World","H6","HS","true","26","Ores, slag and ash","2","false","C00","TOTAL CPC","0","0","TOTAL MOT","-1","N/A","0","false","-1","N/A","0","false","0","false","0","false",,"4978095302.48","4978095302.48","0","false","true",
"C","A","20230101","2023","52","2023","398","KAZ","Kazakhstan","X","Export","156","CHN","China","0","W00","World","H6","HS","true","26","Ores, slag and ash","2","false","C00","TOTAL CPC","0","0","TOTAL MOT","-1","N/A","0","false","-1","N/A","0","false","0","false","0","false",,"3786934272.52","3786934272.52","0","false","true",
"C","A","20230101","2023","52","2023","398","KAZ","Kazakhstan","X","Export","0","W00","World","0","W00","World","H6","HS","true","28","Inorganic chemicals; organic and inorganic compounds of precious metals; of rare earth metals, of radio-active elements and of isotopes","2","false","C00","TOTAL CPC","0","0","TOTAL MOT","-1","N/A","0","false","-1","N/A","0","false","0","true","0","false",,"4347322214.36","4347322214.36","4","false","true",
"C","A","20230101","2023","52","2023","398","KAZ","Kazakhstan","X","Export","156","CHN","China","0","W00","World","H6","HS","true","28","Inorganic chemicals; organic and inorganic compounds of precious metals; of rare earth metals, of radio-active elements and of isotopes","2","false","C00","TOTAL CPC","0","0","TOTAL MOT","-1","N/A","0","false","-1","N/A","0","false","0","false","0","false",,"1267154575.95","1267154575.95","0","false","true",
"C","A","20230101","2023","52","2023","398","KAZ","Kazakhstan","X","Export","0","W00","World","0","W00","World","H6","HS","true","72","Iron and steel","2","false","C00","TOTAL CPC","0","0","TOTAL MOT","-1","N/A","0","false","-1","N/A","0","false","0","true","0","false",,"4346880992.93","4346880992.93","4","false","true",
"C","A","20230101","2023","52","2023","398","KAZ","Kazakhstan","X","Export","156","CHN","China","0","W00","World","H6","HS","true","72","Iron and steel","2","false","C00","TOTAL CPC","0","0","TOTAL MOT","-1","N/A","0","false","-1","N/A","0","false","0","true","0","false",,"773644411.99","773644411.99","4","false","true",
"C","A","20230101","2023","52","2023","398","KAZ","Kazakhstan","X","Export","0","W00","World","0","W00","World","H6","HS","true","74","Copper and articles thereof","2","false","C00","TOTAL CPC","0","0","TOTAL MOT","-1","N/A","0","false","-1","N/A","0","false","0","true","0","false",,"3224020475.75","3224020475.75","4","false","true",
"C","A","20230101","2023","52","2023","398","KAZ","Kazakhstan","X","Export","156","CHN","China","0","W00","World","H6","HS","true","74","Copper and articles thereof","2","false","C00","TOTAL CPC","0","0","TOTAL MOT","-1","N/A","0","false","-1","N/A","0","false","0","false","0","false",,"1911973190.71","1911973190.71","0","false","true",
"C","A","20230101","2023","52","2023","398","KAZ","Kazakhstan","X","Export","0","W00","World","0","W00","World","H6","HS","true","78","Lead and articles thereof","2","false","C00","TOTAL CPC","0","0","TOTAL MOT","-1","N/A","0","false","-1","N/A","0","false",,"false","0","false",,"148293384.28","148293384.28","0","false","true",
"C","A","20230101","2023","52","2023","398","KAZ","Kazakhstan","X","Export","156","CHN","China","0","W00","World","H6","HS","true","78","Lead and articles thereof","2","false","C00","TOTAL CPC","0","0","TOTAL MOT","-1","N/A","0","false","-1","N/A","0","false","0","false","0","false",,"4091213.3","4091213.3","0","false","true",
"C","A","20230101","2023","52","2023","398","KAZ","Kazakhstan","X","Export","0","W00","World","0","W00","World","H6","HS","true","79","Zinc and articles thereof","2","false","C00","TOTAL CPC","0","0","TOTAL MOT","-1","N/A","0","false","-1","N/A","0","false","0","false","0","false",,"603704809.48","603704809.48","0","false","true",
"C","A","20230101","2023","52","2023","398","KAZ","Kazakhstan","X","Export","156","CHN","China","0","W00","World","H6","HS","true","79","Zinc and articles thereof","2","false","C00","TOTAL CPC","0","0","TOTAL MOT","-1","N/A","0","false","-1","N/A","0","false","0","false","0","false",,"270017279.18","270017279.18","0","false","true",
"C","A","20230101","2023","52","2023","398","KAZ","Kazakhstan","X","Export","0","W00","World","0","W00","World","H6","HS","true","81","Metals; n.e.c., cermets and articles thereof","2","false","C00","TOTAL CPC","0","0","TOTAL MOT","-1","N/A","0","false","-1","N/A","0","false","0","false","0","false",,"278110188.04","278110188.04","0","false","true",
"C","A","20230101","2023","52","2023","398","KAZ","Kazakhstan","X","Export","156","CHN","China","0","W00","World","H6","HS","true","81","Metals; n.e.c., cermets and articles thereof","2","false","C00","TOTAL CPC","0","0","TOTAL MOT","-1","N/A","0","false","-1","N/A","0","false","0","false","0","false",,"20627969.68","20627969.68","0","false","true",
"C","A","20230101","2023","52","2023","398","KAZ","Kazakhstan","X","Export","0","W00","World","0","W00","World","H6","HS","true","TOTAL","All Commodities","0","false","C00","TOTAL CPC","0","0","TOTAL MOT","-1","N/A","0","false","-1","N/A","0","false","0","true","0","false",,"78735590866.92","78735590866.92","4","false","true",
"C","A","20230101","2023","52","2023","398","KAZ","Kazakhstan","X","Export","156","CHN","China","0","W00","World","H6","HS","true","TOTAL","All Commodities","0","false","C00","TOTAL CPC","0","0","TOTAL MOT","-1","N/A","0","false","-1","N/A","0","false","0","true","0","false",,"14758685491.52","14758685491.52","4","false","true",
"C","A","20240101","2024","52","2024","398","KAZ","Kazakhstan","M","Import","0","W00","World","0","W00","World","H6","HS","true","26","Ores, slag and ash","2","false","C00","TOTAL CPC","0","0","TOTAL MOT","-1","N/A","0","false","-1","N/A","0","false",,"false","0","false","701517356.15",,"701517356.15","0","false","true",
"C","A","20240101","2024","52","2024","398","KAZ","Kazakhstan","M","Import","156","CHN","China","0","W00","World","H6","HS","true","26","Ores, slag and ash","2","false","C00","TOTAL CPC","0","0","TOTAL MOT","-1","N/A","0","false","-1","N/A","0","false","0","false","0","false","1834250.9",,"1834250.9","0","false","true",
"C","A","20240101","2024","52","2024","398","KAZ","Kazakhstan","M","Import","0","W00","World","0","W00","World","H6","HS","true","28","Inorganic chemicals; organic and inorganic compounds of precious metals; of rare earth metals, of radio-active elements and of isotopes","2","false","C00","TOTAL CPC","0","0","TOTAL MOT","-1","N/A","0","false","-1","N/A","0","false",,"false","0","false","988304246.96",,"988304246.96","0","false","true",
"C","A","20240101","2024","52","2024","398","KAZ","Kazakhstan","M","Import","156","CHN","China","0","W00","World","H6","HS","true","28","Inorganic chemicals; organic and inorganic compounds of precious metals; of rare earth metals, of radio-active elements and of isotopes","2","false","C00","TOTAL CPC","0","0","TOTAL MOT","-1","N/A","0","false","-1","N/A","0","false","0","true","0","false","137133280.12",,"137133280.12","4","false","true",
"C","A","20240101","2024","52","2024","398","KAZ","Kazakhstan","M","Import","0","W00","World","0","W00","World","H6","HS","true","72","Iron and steel","2","false","C00","TOTAL CPC","0","0","TOTAL MOT","-1","N/A","0","false","-1","N/A","0","false","0","true","0","false","1847217884.1",,"1847217884.1","4","false","true",
"C","A","20240101","2024","52","2024","398","KAZ","Kazakhstan","M","Import","156","CHN","China","0","W00","World","H6","HS","true","72","Iron and steel","2","false","C00","TOTAL CPC","0","0","TOTAL MOT","-1","N/A","0","false","-1","N/A","0","false","0","true","0","false","200359989.28",,"200359989.28","4","false","true",
"C","A","20240101","2024","52","2024","398","KAZ","Kazakhstan","M","Import","0","W00","World","0","W00","World","H6","HS","true","74","Copper and articles thereof","2","false","C00","TOTAL CPC","0","0","TOTAL MOT","-1","N/A","0","false","-1","N/A","0","false","0","true","0","false","486807336.99",,"486807336.99","4","false","true",
"C","A","20240101","2024","52","2024","398","KAZ","Kazakhstan","M","Import","156","CHN","China","0","W00","World","H6","HS","true","74","Copper and articles thereof","2","false","C00","TOTAL CPC","0","0","TOTAL MOT","-1","N/A","0","false","-1","N/A","0","false","0","false","0","false","13387729.38",,"13387729.38","0","false","true",
"C","A","20240101","2024","52","2024","398","KAZ","Kazakhstan","M","Import","0","W00","World","0","W00","World","H6","HS","true","78","Lead and articles thereof","2","false","C00","TOTAL CPC","0","0","TOTAL MOT","-1","N/A","0","false","-1","N/A","0","false","0","true","0","false","17515218.72",,"17515218.72","4","false","true",
"C","A","20240101","2024","52","2024","398","KAZ","Kazakhstan","M","Import","156","CHN","China","0","W00","World","H6","HS","true","78","Lead and articles thereof","2","false","C00","TOTAL CPC","0","0","TOTAL MOT","-1","N/A","0","false","-1","N/A","0","false","0","false","0","false","1484256.58",,"1484256.58","0","false","true",
"C","A","20240101","2024","52","2024","398","KAZ","Kazakhstan","M","Import","0","W00","World","0","W00","World","H6","HS","true","79","Zinc and articles thereof","2","false","C00","TOTAL CPC","0","0","TOTAL MOT","-1","N/A","0","false","-1","N/A","0","false","0","true","0","false","3470955.73",,"3470955.73","4","false","true",
"C","A","20240101","2024","52","2024","398","KAZ","Kazakhstan","M","Import","156","CHN","China","0","W00","World","H6","HS","true","79","Zinc and articles thereof","2","false","C00","TOTAL CPC","0","0","TOTAL MOT","-1","N/A","0","false","-1","N/A","0","false","0","false","0","false","1423745.56",,"1423745.56","0","false","true",
"C","A","20240101","2024","52","2024","398","KAZ","Kazakhstan","M","Import","0","W00","World","0","W00","World","H6","HS","true","81","Metals; n.e.c., cermets and articles thereof","2","false","C00","TOTAL CPC","0","0","TOTAL MOT","-1","N/A","0","false","-1","N/A","0","false","0","true","0","false","78339432.36",,"78339432.36","4","false","true",
"C","A","20240101","2024","52","2024","398","KAZ","Kazakhstan","M","Import","156","CHN","China","0","W00","World","H6","HS","true","81","Metals; n.e.c., cermets and articles thereof","2","false","C00","TOTAL CPC","0","0","TOTAL MOT","-1","N/A","0","false","-1","N/A","0","false","0","false","0","false","11426391.45",,"11426391.45","0","false","true",
"C","A","20240101","2024","52","2024","398","KAZ","Kazakhstan","M","Import","0","W00","World","0","W00","World","H6","HS","true","TOTAL","All Commodities","0","false","C00","TOTAL CPC","0","0","TOTAL MOT","-1","N/A","0","false","-1","N/A","0","false","0","true","0","false","59787310605.21",,"59787310605.21","4","false","true",
"C","A","20240101","2024","52","2024","398","KAZ","Kazakhstan","M","Import","156","CHN","China","0","W00","World","H6","HS","true","TOTAL","All Commodities","0","false","C00","TOTAL CPC","0","0","TOTAL MOT","-1","N/A","0","false","-1","N/A","0","false","0","true","0","false","15153469835.46",,"15153469835.46","4","false","true",
"C","A","20240101","2024","52","2024","398","KAZ","Kazakhstan","X","Export","0","W00","World","0","W00","World","H6","HS","true","26","Ores, slag and ash","2","false","C00","TOTAL CPC","0","0","TOTAL MOT","-1","N/A","0","false","-1","N/A","0","false","0","true","0","false",,"4917152435.46","4917152435.46","4","false","true",
"C","A","20240101","2024","52","2024","398","KAZ","Kazakhstan","X","Export","156","CHN","China","0","W00","World","H6","HS","true","26","Ores, slag and ash","2","false","C00","TOTAL CPC","0","0","TOTAL MOT","-1","N/A","0","false","-1","N/A","0","false","0","false","0","false",,"3944018016.34","3944018016.34","0","false","true",
"C","A","20240101","2024","52","2024","398","KAZ","Kazakhstan","X","Export","0","W00","World","0","W00","World","H6","HS","true","28","Inorganic chemicals; organic and inorganic compounds of precious metals; of rare earth metals, of radio-active elements and of isotopes","2","false","C00","TOTAL CPC","0","0","TOTAL MOT","-1","N/A","0","false","-1","N/A","0","false",,"false","0","false",,"5484357275.46","5484357275.46","0","false","true",
"C","A","20240101","2024","52","2024","398","KAZ","Kazakhstan","X","Export","156","CHN","China","0","W00","World","H6","HS","true","28","Inorganic chemicals; organic and inorganic compounds of precious metals; of rare earth metals, of radio-active elements and of isotopes","2","false","C00","TOTAL CPC","0","0","TOTAL MOT","-1","N/A","0","false","-1","N/A","0","false","0","false","0","false",,"1775520228.4","1775520228.4","0","false","true",
"C","A","20240101","2024","52","2024","398","KAZ","Kazakhstan","X","Export","0","W00","World","0","W00","World","H6","HS","true","72","Iron and steel","2","false","C00","TOTAL CPC","0","0","TOTAL MOT","-1","N/A","0","false","-1","N/A","0","false","0","false","0","false",,"4409259143.64","4409259143.64","0","false","true",
"C","A","20240101","2024","52","2024","398","KAZ","Kazakhstan","X","Export","156","CHN","China","0","W00","World","H6","HS","true","72","Iron and steel","2","false","C00","TOTAL CPC","0","0","TOTAL MOT","-1","N/A","0","false","-1","N/A","0","false","0","false","0","false",,"1100814292.18","1100814292.18","0","false","true",
"C","A","20240101","2024","52","2024","398","KAZ","Kazakhstan","X","Export","0","W00","World","0","W00","World","H6","HS","true","74","Copper and articles thereof","2","false","C00","TOTAL CPC","0","0","TOTAL MOT","-1","N/A","0","false","-1","N/A","0","false","0","true","0","false",,"4205025037.19","4205025037.19","4","false","true",
"C","A","20240101","2024","52","2024","398","KAZ","Kazakhstan","X","Export","156","CHN","China","0","W00","World","H6","HS","true","74","Copper and articles thereof","2","false","C00","TOTAL CPC","0","0","TOTAL MOT","-1","N/A","0","false","-1","N/A","0","false","0","false","0","false",,"2694721844.56","2694721844.56","0","false","true",
"C","A","20240101","2024","52","2024","398","KAZ","Kazakhstan","X","Export","0","W00","World","0","W00","World","H6","HS","true","78","Lead and articles thereof","2","false","C00","TOTAL CPC","0","0","TOTAL MOT","-1","N/A","0","false","-1","N/A","0","false","0","true","0","false",,"201952245.1","201952245.1","4","false","true",
"C","A","20240101","2024","52","2024","398","KAZ","Kazakhstan","X","Export","156","CHN","China","0","W00","World","H6","HS","true","78","Lead and articles thereof","2","false","C00","TOTAL CPC","0","0","TOTAL MOT","-1","N/A","0","false","-1","N/A","0","false","0","true","0","false",,"34838702.99","34838702.99","4","false","true",
"C","A","20240101","2024","52","2024","398","KAZ","Kazakhstan","X","Export","0","W00","World","0","W00","World","H6","HS","true","79","Zinc and articles thereof","2","false","C00","TOTAL CPC","0","0","TOTAL MOT","-1","N/A","0","false","-1","N/A","0","false","0","false","0","false",,"651436446.47","651436446.47","0","false","true",
"C","A","20240101","2024","52","2024","398","KAZ","Kazakhstan","X","Export","156","CHN","China","0","W00","World","H6","HS","true","79","Zinc and articles thereof","2","false","C00","TOTAL CPC","0","0","TOTAL MOT","-1","N/A","0","false","-1","N/A","0","false","0","false","0","false",,"327378921.45","327378921.45","0","false","true",
"C","A","20240101","2024","52","2024","398","KAZ","Kazakhstan","X","Export","0","W00","World","0","W00","World","H6","HS","true","81","Metals; n.e.c., cermets and articles thereof","2","false","C00","TOTAL CPC","0","0","TOTAL MOT","-1","N/A","0","false","-1","N/A","0","false","0","false","0","false",,"306913136.43","306913136.43","0","false","true",
"C","A","20240101","2024","52","2024","398","KAZ","Kazakhstan","X","Export","156","CHN","China","0","W00","World","H6","HS","true","81","Metals; n.e.c., cermets and articles thereof","2","false","C00","TOTAL CPC","0","0","TOTAL MOT","-1","N/A","0","false","-1","N/A","0","false","0","false","0","false",,"26224234.46","26224234.46","0","false","true",
"C","A","20240101","2024","52","2024","398","KAZ","Kazakhstan","X","Export","0","W00","World","0","W00","World","H6","HS","true","TOTAL","All Commodities","0","false","C00","TOTAL CPC","0","0","TOTAL MOT","-1","N/A","0","false","-1","N/A","0","false","0","true","0","false",,"81612893051.23","81612893051.23","4","false","true",
"C","A","20240101","2024","52","2024","398","KAZ","Kazakhstan","X","Export","156","CHN","China","0","W00","World","H6","HS","true","TOTAL","All Commodities","0","false","C00","TOTAL CPC","0","0","TOTAL MOT","-1","N/A","0","false","-1","N/A","0","false","0","true","0","false",,"14897477202.63","14897477202.63","4","false","true",
